loss,learning_rate,epoch,step,train_runtime,train_samples_per_second,train_steps_per_second,total_flos,train_loss,eval_loss,eval_accuracy_metric,eval_precision_metric,eval_recall_metric,eval_f1_metric,eval_matthews_correlation,eval_confusion_matrix,eval_runtime,eval_samples_per_second,eval_steps_per_second
1.3796,9.987163029525033e-05,0.0,1,,,,,,,,,,,,,,,
1.3563,9.974326059050065e-05,0.0,2,,,,,,,,,,,,,,,
1.3448,9.961489088575097e-05,0.0,3,,,,,,,,,,,,,,,
1.3218,9.948652118100129e-05,0.01,4,,,,,,,,,,,,,,,
1.3329,9.93581514762516e-05,0.01,5,,,,,,,,,,,,,,,
1.3064,9.922978177150193e-05,0.01,6,,,,,,,,,,,,,,,
1.2794,9.910141206675225e-05,0.01,7,,,,,,,,,,,,,,,
1.2819,9.897304236200258e-05,0.01,8,,,,,,,,,,,,,,,
1.2013,9.884467265725289e-05,0.01,9,,,,,,,,,,,,,,,
1.3179,9.871630295250322e-05,0.01,10,,,,,,,,,,,,,,,
1.1936,9.858793324775354e-05,0.01,11,,,,,,,,,,,,,,,
1.247,9.845956354300385e-05,0.02,12,,,,,,,,,,,,,,,
1.2206,9.833119383825418e-05,0.02,13,,,,,,,,,,,,,,,
1.2512,9.82028241335045e-05,0.02,14,,,,,,,,,,,,,,,
1.1201,9.807445442875481e-05,0.02,15,,,,,,,,,,,,,,,
1.0771,9.794608472400514e-05,0.02,16,,,,,,,,,,,,,,,
1.0728,9.781771501925546e-05,0.02,17,,,,,,,,,,,,,,,
1.124,9.768934531450578e-05,0.02,18,,,,,,,,,,,,,,,
1.0878,9.75609756097561e-05,0.02,19,,,,,,,,,,,,,,,
1.1371,9.743260590500642e-05,0.03,20,,,,,,,,,,,,,,,
1.0971,9.730423620025674e-05,0.03,21,,,,,,,,,,,,,,,
1.0069,9.717586649550706e-05,0.03,22,,,,,,,,,,,,,,,
0.9346,9.704749679075738e-05,0.03,23,,,,,,,,,,,,,,,
1.0743,9.69191270860077e-05,0.03,24,,,,,,,,,,,,,,,
0.9,9.679075738125802e-05,0.03,25,,,,,,,,,,,,,,,
1.1438,9.666238767650834e-05,0.03,26,,,,,,,,,,,,,,,
0.9348,9.653401797175868e-05,0.03,27,,,,,,,,,,,,,,,
0.7696,9.640564826700899e-05,0.04,28,,,,,,,,,,,,,,,
0.8396,9.62772785622593e-05,0.04,29,,,,,,,,,,,,,,,
0.9457,9.614890885750964e-05,0.04,30,,,,,,,,,,,,,,,
0.7084,9.602053915275996e-05,0.04,31,,,,,,,,,,,,,,,
0.7456,9.589216944801027e-05,0.04,32,,,,,,,,,,,,,,,
0.7565,9.57637997432606e-05,0.04,33,,,,,,,,,,,,,,,
0.9129,9.563543003851092e-05,0.04,34,,,,,,,,,,,,,,,
0.8088,9.550706033376124e-05,0.04,35,,,,,,,,,,,,,,,
0.7283,9.537869062901156e-05,0.05,36,,,,,,,,,,,,,,,
0.7939,9.525032092426188e-05,0.05,37,,,,,,,,,,,,,,,
0.6355,9.51219512195122e-05,0.05,38,,,,,,,,,,,,,,,
0.5535,9.499358151476252e-05,0.05,39,,,,,,,,,,,,,,,
0.7624,9.486521181001284e-05,0.05,40,,,,,,,,,,,,,,,
0.8804,9.473684210526316e-05,0.05,41,,,,,,,,,,,,,,,
0.7232,9.460847240051348e-05,0.05,42,,,,,,,,,,,,,,,
0.7072,9.44801026957638e-05,0.06,43,,,,,,,,,,,,,,,
0.7023,9.435173299101414e-05,0.06,44,,,,,,,,,,,,,,,
0.6475,9.422336328626444e-05,0.06,45,,,,,,,,,,,,,,,
0.4812,9.409499358151476e-05,0.06,46,,,,,,,,,,,,,,,
0.92,9.39666238767651e-05,0.06,47,,,,,,,,,,,,,,,
0.811,9.38382541720154e-05,0.06,48,,,,,,,,,,,,,,,
0.5141,9.370988446726572e-05,0.06,49,,,,,,,,,,,,,,,
0.6367,9.358151476251606e-05,0.06,50,,,,,,,,,,,,,,,
0.4433,9.345314505776636e-05,0.07,51,,,,,,,,,,,,,,,
0.662,9.33247753530167e-05,0.07,52,,,,,,,,,,,,,,,
0.5143,9.319640564826702e-05,0.07,53,,,,,,,,,,,,,,,
0.7588,9.306803594351734e-05,0.07,54,,,,,,,,,,,,,,,
0.4169,9.293966623876766e-05,0.07,55,,,,,,,,,,,,,,,
0.3745,9.281129653401798e-05,0.07,56,,,,,,,,,,,,,,,
0.458,9.26829268292683e-05,0.07,57,,,,,,,,,,,,,,,
0.2962,9.255455712451862e-05,0.07,58,,,,,,,,,,,,,,,
0.6839,9.242618741976894e-05,0.08,59,,,,,,,,,,,,,,,
0.5395,9.229781771501926e-05,0.08,60,,,,,,,,,,,,,,,
0.8835,9.216944801026958e-05,0.08,61,,,,,,,,,,,,,,,
0.3618,9.20410783055199e-05,0.08,62,,,,,,,,,,,,,,,
0.5504,9.191270860077022e-05,0.08,63,,,,,,,,,,,,,,,
0.5714,9.178433889602054e-05,0.08,64,,,,,,,,,,,,,,,
0.3055,9.165596919127086e-05,0.08,65,,,,,,,,,,,,,,,
0.4424,9.152759948652118e-05,0.08,66,,,,,,,,,,,,,,,
0.9759,9.139922978177152e-05,0.09,67,,,,,,,,,,,,,,,
0.7631,9.127086007702182e-05,0.09,68,,,,,,,,,,,,,,,
0.4002,9.114249037227216e-05,0.09,69,,,,,,,,,,,,,,,
0.5569,9.101412066752248e-05,0.09,70,,,,,,,,,,,,,,,
0.0556,9.088575096277278e-05,0.09,71,,,,,,,,,,,,,,,
0.3634,9.075738125802312e-05,0.09,72,,,,,,,,,,,,,,,
0.1097,9.062901155327344e-05,0.09,73,,,,,,,,,,,,,,,
0.429,9.050064184852374e-05,0.09,74,,,,,,,,,,,,,,,
0.3513,9.037227214377408e-05,0.1,75,,,,,,,,,,,,,,,
0.4299,9.02439024390244e-05,0.1,76,,,,,,,,,,,,,,,
0.1875,9.01155327342747e-05,0.1,77,,,,,,,,,,,,,,,
0.3845,8.998716302952504e-05,0.1,78,,,,,,,,,,,,,,,
0.3861,8.985879332477536e-05,0.1,79,,,,,,,,,,,,,,,
0.1315,8.973042362002568e-05,0.1,80,,,,,,,,,,,,,,,
0.0462,8.9602053915276e-05,0.1,81,,,,,,,,,,,,,,,
0.3617,8.947368421052632e-05,0.11,82,,,,,,,,,,,,,,,
0.5949,8.934531450577664e-05,0.11,83,,,,,,,,,,,,,,,
0.1128,8.921694480102696e-05,0.11,84,,,,,,,,,,,,,,,
0.4701,8.908857509627728e-05,0.11,85,,,,,,,,,,,,,,,
0.3264,8.896020539152761e-05,0.11,86,,,,,,,,,,,,,,,
0.2591,8.883183568677792e-05,0.11,87,,,,,,,,,,,,,,,
0.1066,8.870346598202824e-05,0.11,88,,,,,,,,,,,,,,,
0.4505,8.857509627727857e-05,0.11,89,,,,,,,,,,,,,,,
0.2427,8.84467265725289e-05,0.12,90,,,,,,,,,,,,,,,
0.2065,8.83183568677792e-05,0.12,91,,,,,,,,,,,,,,,
0.1371,8.818998716302953e-05,0.12,92,,,,,,,,,,,,,,,
0.1039,8.806161745827985e-05,0.12,93,,,,,,,,,,,,,,,
0.1436,8.793324775353016e-05,0.12,94,,,,,,,,,,,,,,,
0.4942,8.78048780487805e-05,0.12,95,,,,,,,,,,,,,,,
0.3712,8.767650834403082e-05,0.12,96,,,,,,,,,,,,,,,
0.2424,8.754813863928114e-05,0.12,97,,,,,,,,,,,,,,,
0.1312,8.741976893453146e-05,0.13,98,,,,,,,,,,,,,,,
0.6111,8.729139922978178e-05,0.13,99,,,,,,,,,,,,,,,
0.2257,8.71630295250321e-05,0.13,100,,,,,,,,,,,,,,,
0.3392,8.703465982028242e-05,0.13,101,,,,,,,,,,,,,,,
0.5052,8.690629011553274e-05,0.13,102,,,,,,,,,,,,,,,
0.3092,8.677792041078307e-05,0.13,103,,,,,,,,,,,,,,,
0.321,8.664955070603338e-05,0.13,104,,,,,,,,,,,,,,,
0.2849,8.65211810012837e-05,0.13,105,,,,,,,,,,,,,,,
0.1542,8.639281129653403e-05,0.14,106,,,,,,,,,,,,,,,
0.1375,8.626444159178434e-05,0.14,107,,,,,,,,,,,,,,,
0.118,8.613607188703466e-05,0.14,108,,,,,,,,,,,,,,,
0.186,8.600770218228499e-05,0.14,109,,,,,,,,,,,,,,,
0.1571,8.58793324775353e-05,0.14,110,,,,,,,,,,,,,,,
0.2799,8.575096277278562e-05,0.14,111,,,,,,,,,,,,,,,
0.1867,8.562259306803595e-05,0.14,112,,,,,,,,,,,,,,,
0.0744,8.549422336328626e-05,0.15,113,,,,,,,,,,,,,,,
0.2138,8.53658536585366e-05,0.15,114,,,,,,,,,,,,,,,
0.1991,8.523748395378691e-05,0.15,115,,,,,,,,,,,,,,,
0.4937,8.510911424903723e-05,0.15,116,,,,,,,,,,,,,,,
0.1409,8.498074454428755e-05,0.15,117,,,,,,,,,,,,,,,
0.0619,8.485237483953787e-05,0.15,118,,,,,,,,,,,,,,,
0.1881,8.47240051347882e-05,0.15,119,,,,,,,,,,,,,,,
0.0838,8.459563543003851e-05,0.15,120,,,,,,,,,,,,,,,
0.2819,8.446726572528884e-05,0.16,121,,,,,,,,,,,,,,,
0.3682,8.433889602053916e-05,0.16,122,,,,,,,,,,,,,,,
0.1465,8.421052631578948e-05,0.16,123,,,,,,,,,,,,,,,
0.1472,8.40821566110398e-05,0.16,124,,,,,,,,,,,,,,,
0.1839,8.395378690629012e-05,0.16,125,,,,,,,,,,,,,,,
0.1067,8.382541720154045e-05,0.16,126,,,,,,,,,,,,,,,
0.0239,8.369704749679076e-05,0.16,127,,,,,,,,,,,,,,,
0.1914,8.356867779204108e-05,0.16,128,,,,,,,,,,,,,,,
0.0962,8.344030808729141e-05,0.17,129,,,,,,,,,,,,,,,
0.1952,8.331193838254172e-05,0.17,130,,,,,,,,,,,,,,,
0.1235,8.318356867779205e-05,0.17,131,,,,,,,,,,,,,,,
0.1826,8.305519897304237e-05,0.17,132,,,,,,,,,,,,,,,
0.1979,8.292682926829268e-05,0.17,133,,,,,,,,,,,,,,,
0.0057,8.279845956354301e-05,0.17,134,,,,,,,,,,,,,,,
0.0783,8.267008985879333e-05,0.17,135,,,,,,,,,,,,,,,
0.3053,8.254172015404364e-05,0.17,136,,,,,,,,,,,,,,,
0.1138,8.241335044929397e-05,0.18,137,,,,,,,,,,,,,,,
0.1568,8.228498074454429e-05,0.18,138,,,,,,,,,,,,,,,
0.0968,8.215661103979461e-05,0.18,139,,,,,,,,,,,,,,,
0.2072,8.202824133504493e-05,0.18,140,,,,,,,,,,,,,,,
0.0514,8.189987163029525e-05,0.18,141,,,,,,,,,,,,,,,
0.0231,8.177150192554557e-05,0.18,142,,,,,,,,,,,,,,,
0.2625,8.16431322207959e-05,0.18,143,,,,,,,,,,,,,,,
0.0881,8.151476251604621e-05,0.18,144,,,,,,,,,,,,,,,
0.3987,8.138639281129655e-05,0.19,145,,,,,,,,,,,,,,,
0.0337,8.125802310654685e-05,0.19,146,,,,,,,,,,,,,,,
0.1214,8.112965340179717e-05,0.19,147,,,,,,,,,,,,,,,
0.1259,8.100128369704751e-05,0.19,148,,,,,,,,,,,,,,,
0.057,8.087291399229782e-05,0.19,149,,,,,,,,,,,,,,,
0.0367,8.074454428754814e-05,0.19,150,,,,,,,,,,,,,,,
0.2249,8.061617458279847e-05,0.19,151,,,,,,,,,,,,,,,
0.0802,8.048780487804879e-05,0.2,152,,,,,,,,,,,,,,,
0.185,8.03594351732991e-05,0.2,153,,,,,,,,,,,,,,,
0.0471,8.023106546854943e-05,0.2,154,,,,,,,,,,,,,,,
0.0235,8.010269576379975e-05,0.2,155,,,,,,,,,,,,,,,
0.0219,7.997432605905007e-05,0.2,156,,,,,,,,,,,,,,,
0.2003,7.984595635430039e-05,0.2,157,,,,,,,,,,,,,,,
0.1834,7.971758664955071e-05,0.2,158,,,,,,,,,,,,,,,
0.0019,7.958921694480103e-05,0.2,159,,,,,,,,,,,,,,,
0.1633,7.946084724005135e-05,0.21,160,,,,,,,,,,,,,,,
0.0237,7.933247753530167e-05,0.21,161,,,,,,,,,,,,,,,
0.0468,7.9204107830552e-05,0.21,162,,,,,,,,,,,,,,,
0.1292,7.907573812580231e-05,0.21,163,,,,,,,,,,,,,,,
0.0418,7.894736842105263e-05,0.21,164,,,,,,,,,,,,,,,
0.1565,7.881899871630297e-05,0.21,165,,,,,,,,,,,,,,,
0.1126,7.869062901155327e-05,0.21,166,,,,,,,,,,,,,,,
0.0382,7.85622593068036e-05,0.21,167,,,,,,,,,,,,,,,
0.1215,7.843388960205393e-05,0.22,168,,,,,,,,,,,,,,,
0.0991,7.830551989730423e-05,0.22,169,,,,,,,,,,,,,,,
0.0244,7.817715019255455e-05,0.22,170,,,,,,,,,,,,,,,
0.235,7.804878048780489e-05,0.22,171,,,,,,,,,,,,,,,
0.0985,7.79204107830552e-05,0.22,172,,,,,,,,,,,,,,,
0.0447,7.779204107830553e-05,0.22,173,,,,,,,,,,,,,,,
0.0434,7.766367137355585e-05,0.22,174,,,,,,,,,,,,,,,
0.0427,7.753530166880617e-05,0.22,175,,,,,,,,,,,,,,,
0.0721,7.740693196405649e-05,0.23,176,,,,,,,,,,,,,,,
0.0711,7.727856225930681e-05,0.23,177,,,,,,,,,,,,,,,
0.5085,7.715019255455713e-05,0.23,178,,,,,,,,,,,,,,,
0.646,7.702182284980745e-05,0.23,179,,,,,,,,,,,,,,,
0.0158,7.689345314505777e-05,0.23,180,,,,,,,,,,,,,,,
0.0366,7.676508344030809e-05,0.23,181,,,,,,,,,,,,,,,
0.0256,7.663671373555841e-05,0.23,182,,,,,,,,,,,,,,,
0.0448,7.650834403080873e-05,0.23,183,,,,,,,,,,,,,,,
0.0053,7.637997432605905e-05,0.24,184,,,,,,,,,,,,,,,
0.0072,7.625160462130937e-05,0.24,185,,,,,,,,,,,,,,,
0.2377,7.612323491655969e-05,0.24,186,,,,,,,,,,,,,,,
0.0353,7.599486521181001e-05,0.24,187,,,,,,,,,,,,,,,
0.0086,7.586649550706035e-05,0.24,188,,,,,,,,,,,,,,,
0.0122,7.573812580231065e-05,0.24,189,,,,,,,,,,,,,,,
0.0492,7.560975609756099e-05,0.24,190,,,,,,,,,,,,,,,
0.018,7.54813863928113e-05,0.25,191,,,,,,,,,,,,,,,
0.0474,7.535301668806161e-05,0.25,192,,,,,,,,,,,,,,,
0.1475,7.522464698331195e-05,0.25,193,,,,,,,,,,,,,,,
0.1933,7.509627727856227e-05,0.25,194,,,,,,,,,,,,,,,
0.0227,7.496790757381257e-05,0.25,195,,,,,,,,,,,,,,,
0.0321,7.483953786906291e-05,0.25,196,,,,,,,,,,,,,,,
0.0893,7.471116816431323e-05,0.25,197,,,,,,,,,,,,,,,
0.1406,7.458279845956355e-05,0.25,198,,,,,,,,,,,,,,,
0.0667,7.445442875481387e-05,0.26,199,,,,,,,,,,,,,,,
0.1727,7.432605905006419e-05,0.26,200,,,,,,,,,,,,,,,
0.0276,7.419768934531451e-05,0.26,201,,,,,,,,,,,,,,,
0.0092,7.406931964056483e-05,0.26,202,,,,,,,,,,,,,,,
0.0575,7.394094993581515e-05,0.26,203,,,,,,,,,,,,,,,
0.0357,7.381258023106547e-05,0.26,204,,,,,,,,,,,,,,,
0.1169,7.368421052631579e-05,0.26,205,,,,,,,,,,,,,,,
0.0747,7.355584082156611e-05,0.26,206,,,,,,,,,,,,,,,
0.381,7.342747111681644e-05,0.27,207,,,,,,,,,,,,,,,
0.0766,7.329910141206675e-05,0.27,208,,,,,,,,,,,,,,,
0.0056,7.317073170731707e-05,0.27,209,,,,,,,,,,,,,,,
0.0248,7.30423620025674e-05,0.27,210,,,,,,,,,,,,,,,
0.0091,7.291399229781772e-05,0.27,211,,,,,,,,,,,,,,,
0.3965,7.278562259306803e-05,0.27,212,,,,,,,,,,,,,,,
0.0036,7.265725288831836e-05,0.27,213,,,,,,,,,,,,,,,
0.1251,7.252888318356869e-05,0.27,214,,,,,,,,,,,,,,,
0.0314,7.2400513478819e-05,0.28,215,,,,,,,,,,,,,,,
0.2814,7.227214377406933e-05,0.28,216,,,,,,,,,,,,,,,
0.6808,7.214377406931965e-05,0.28,217,,,,,,,,,,,,,,,
0.0335,7.201540436456997e-05,0.28,218,,,,,,,,,,,,,,,
0.0358,7.188703465982029e-05,0.28,219,,,,,,,,,,,,,,,
0.0359,7.17586649550706e-05,0.28,220,,,,,,,,,,,,,,,
0.0082,7.163029525032093e-05,0.28,221,,,,,,,,,,,,,,,
0.0047,7.150192554557125e-05,0.28,222,,,,,,,,,,,,,,,
0.0051,7.137355584082157e-05,0.29,223,,,,,,,,,,,,,,,
0.0077,7.12451861360719e-05,0.29,224,,,,,,,,,,,,,,,
0.0024,7.111681643132221e-05,0.29,225,,,,,,,,,,,,,,,
0.1841,7.098844672657253e-05,0.29,226,,,,,,,,,,,,,,,
0.0103,7.086007702182286e-05,0.29,227,,,,,,,,,,,,,,,
0.004,7.073170731707317e-05,0.29,228,,,,,,,,,,,,,,,
0.0094,7.060333761232349e-05,0.29,229,,,,,,,,,,,,,,,
0.0067,7.047496790757382e-05,0.3,230,,,,,,,,,,,,,,,
0.0046,7.034659820282413e-05,0.3,231,,,,,,,,,,,,,,,
0.0241,7.021822849807446e-05,0.3,232,,,,,,,,,,,,,,,
0.031,7.008985879332478e-05,0.3,233,,,,,,,,,,,,,,,
0.0124,6.99614890885751e-05,0.3,234,,,,,,,,,,,,,,,
0.0081,6.983311938382542e-05,0.3,235,,,,,,,,,,,,,,,
0.4331,6.970474967907574e-05,0.3,236,,,,,,,,,,,,,,,
0.0089,6.957637997432606e-05,0.3,237,,,,,,,,,,,,,,,
0.0434,6.944801026957638e-05,0.31,238,,,,,,,,,,,,,,,
0.0065,6.93196405648267e-05,0.31,239,,,,,,,,,,,,,,,
0.0224,6.919127086007702e-05,0.31,240,,,,,,,,,,,,,,,
0.0258,6.906290115532735e-05,0.31,241,,,,,,,,,,,,,,,
0.0184,6.893453145057767e-05,0.31,242,,,,,,,,,,,,,,,
0.6124,6.880616174582799e-05,0.31,243,,,,,,,,,,,,,,,
0.0167,6.86777920410783e-05,0.31,244,,,,,,,,,,,,,,,
0.0021,6.854942233632863e-05,0.31,245,,,,,,,,,,,,,,,
0.0025,6.842105263157895e-05,0.32,246,,,,,,,,,,,,,,,
0.0026,6.829268292682928e-05,0.32,247,,,,,,,,,,,,,,,
0.0024,6.816431322207959e-05,0.32,248,,,,,,,,,,,,,,,
0.0041,6.803594351732992e-05,0.32,249,,,,,,,,,,,,,,,
0.0009,6.790757381258024e-05,0.32,250,,,,,,,,,,,,,,,
0.058,6.777920410783055e-05,0.32,251,,,,,,,,,,,,,,,
0.0129,6.765083440308088e-05,0.32,252,,,,,,,,,,,,,,,
0.0069,6.75224646983312e-05,0.32,253,,,,,,,,,,,,,,,
0.34,6.739409499358151e-05,0.33,254,,,,,,,,,,,,,,,
0.0114,6.726572528883184e-05,0.33,255,,,,,,,,,,,,,,,
0.0545,6.713735558408216e-05,0.33,256,,,,,,,,,,,,,,,
0.0078,6.700898587933247e-05,0.33,257,,,,,,,,,,,,,,,
0.2726,6.68806161745828e-05,0.33,258,,,,,,,,,,,,,,,
0.0077,6.675224646983312e-05,0.33,259,,,,,,,,,,,,,,,
0.0325,6.662387676508344e-05,0.33,260,,,,,,,,,,,,,,,
0.4256,6.649550706033376e-05,0.34,261,,,,,,,,,,,,,,,
0.0134,6.636713735558408e-05,0.34,262,,,,,,,,,,,,,,,
0.0087,6.62387676508344e-05,0.34,263,,,,,,,,,,,,,,,
0.0036,6.611039794608472e-05,0.34,264,,,,,,,,,,,,,,,
0.0063,6.598202824133504e-05,0.34,265,,,,,,,,,,,,,,,
0.0131,6.585365853658538e-05,0.34,266,,,,,,,,,,,,,,,
0.029,6.572528883183568e-05,0.34,267,,,,,,,,,,,,,,,
0.01,6.5596919127086e-05,0.34,268,,,,,,,,,,,,,,,
0.0615,6.546854942233634e-05,0.35,269,,,,,,,,,,,,,,,
0.1993,6.534017971758666e-05,0.35,270,,,,,,,,,,,,,,,
0.0037,6.521181001283697e-05,0.35,271,,,,,,,,,,,,,,,
0.0063,6.50834403080873e-05,0.35,272,,,,,,,,,,,,,,,
0.0034,6.495507060333762e-05,0.35,273,,,,,,,,,,,,,,,
0.0028,6.482670089858793e-05,0.35,274,,,,,,,,,,,,,,,
0.0154,6.469833119383826e-05,0.35,275,,,,,,,,,,,,,,,
0.0199,6.456996148908858e-05,0.35,276,,,,,,,,,,,,,,,
0.0044,6.44415917843389e-05,0.36,277,,,,,,,,,,,,,,,
0.0486,6.431322207958922e-05,0.36,278,,,,,,,,,,,,,,,
0.3007,6.418485237483954e-05,0.36,279,,,,,,,,,,,,,,,
0.0026,6.405648267008986e-05,0.36,280,,,,,,,,,,,,,,,
0.5006,6.392811296534018e-05,0.36,281,,,,,,,,,,,,,,,
0.0117,6.37997432605905e-05,0.36,282,,,,,,,,,,,,,,,
0.0151,6.367137355584084e-05,0.36,283,,,,,,,,,,,,,,,
0.1931,6.354300385109114e-05,0.36,284,,,,,,,,,,,,,,,
0.0071,6.341463414634146e-05,0.37,285,,,,,,,,,,,,,,,
0.0023,6.32862644415918e-05,0.37,286,,,,,,,,,,,,,,,
0.0026,6.31578947368421e-05,0.37,287,,,,,,,,,,,,,,,
0.0037,6.302952503209242e-05,0.37,288,,,,,,,,,,,,,,,
0.0036,6.290115532734276e-05,0.37,289,,,,,,,,,,,,,,,
0.0086,6.277278562259306e-05,0.37,290,,,,,,,,,,,,,,,
0.0026,6.264441591784338e-05,0.37,291,,,,,,,,,,,,,,,
0.4428,6.251604621309372e-05,0.37,292,,,,,,,,,,,,,,,
0.0196,6.238767650834402e-05,0.38,293,,,,,,,,,,,,,,,
0.0048,6.225930680359436e-05,0.38,294,,,,,,,,,,,,,,,
0.0167,6.213093709884468e-05,0.38,295,,,,,,,,,,,,,,,
0.0051,6.2002567394095e-05,0.38,296,,,,,,,,,,,,,,,
0.0158,6.187419768934532e-05,0.38,297,,,,,,,,,,,,,,,
0.0168,6.174582798459564e-05,0.38,298,,,,,,,,,,,,,,,
0.0105,6.161745827984596e-05,0.38,299,,,,,,,,,,,,,,,
0.0093,6.148908857509628e-05,0.39,300,,,,,,,,,,,,,,,
0.0046,6.13607188703466e-05,0.39,301,,,,,,,,,,,,,,,
0.0014,6.123234916559692e-05,0.39,302,,,,,,,,,,,,,,,
0.0068,6.110397946084724e-05,0.39,303,,,,,,,,,,,,,,,
0.0044,6.097560975609756e-05,0.39,304,,,,,,,,,,,,,,,
0.0143,6.084724005134789e-05,0.39,305,,,,,,,,,,,,,,,
0.0058,6.071887034659821e-05,0.39,306,,,,,,,,,,,,,,,
0.0063,6.059050064184852e-05,0.39,307,,,,,,,,,,,,,,,
0.0013,6.046213093709885e-05,0.4,308,,,,,,,,,,,,,,,
0.3766,6.0333761232349176e-05,0.4,309,,,,,,,,,,,,,,,
0.0067,6.020539152759949e-05,0.4,310,,,,,,,,,,,,,,,
0.0028,6.007702182284981e-05,0.4,311,,,,,,,,,,,,,,,
0.0033,5.9948652118100136e-05,0.4,312,,,,,,,,,,,,,,,
0.2146,5.982028241335045e-05,0.4,313,,,,,,,,,,,,,,,
0.0104,5.969191270860077e-05,0.4,314,,,,,,,,,,,,,,,
0.0119,5.95635430038511e-05,0.4,315,,,,,,,,,,,,,,,
0.0072,5.943517329910141e-05,0.41,316,,,,,,,,,,,,,,,
0.4431,5.930680359435173e-05,0.41,317,,,,,,,,,,,,,,,
0.0294,5.917843388960206e-05,0.41,318,,,,,,,,,,,,,,,
0.0056,5.9050064184852385e-05,0.41,319,,,,,,,,,,,,,,,
0.0075,5.89216944801027e-05,0.41,320,,,,,,,,,,,,,,,
0.0048,5.879332477535302e-05,0.41,321,,,,,,,,,,,,,,,
0.0027,5.8664955070603346e-05,0.41,322,,,,,,,,,,,,,,,
0.0734,5.853658536585366e-05,0.41,323,,,,,,,,,,,,,,,
0.1808,5.840821566110398e-05,0.42,324,,,,,,,,,,,,,,,
0.0206,5.8279845956354306e-05,0.42,325,,,,,,,,,,,,,,,
0.006,5.815147625160462e-05,0.42,326,,,,,,,,,,,,,,,
0.0173,5.802310654685495e-05,0.42,327,,,,,,,,,,,,,,,
0.0139,5.789473684210527e-05,0.42,328,,,,,,,,,,,,,,,
0.3105,5.776636713735558e-05,0.42,329,,,,,,,,,,,,,,,
0.4276,5.763799743260591e-05,0.42,330,,,,,,,,,,,,,,,
0.0761,5.750962772785623e-05,0.42,331,,,,,,,,,,,,,,,
0.0066,5.7381258023106555e-05,0.43,332,,,,,,,,,,,,,,,
0.165,5.725288831835687e-05,0.43,333,,,,,,,,,,,,,,,
0.188,5.7124518613607195e-05,0.43,334,,,,,,,,,,,,,,,
0.002,5.6996148908857515e-05,0.43,335,,,,,,,,,,,,,,,
0.0076,5.686777920410783e-05,0.43,336,,,,,,,,,,,,,,,
0.3223,5.6739409499358156e-05,0.43,337,,,,,,,,,,,,,,,
0.0173,5.6611039794608476e-05,0.43,338,,,,,,,,,,,,,,,
0.0099,5.648267008985879e-05,0.44,339,,,,,,,,,,,,,,,
0.0076,5.635430038510912e-05,0.44,340,,,,,,,,,,,,,,,
0.6248,5.622593068035944e-05,0.44,341,,,,,,,,,,,,,,,
0.0064,5.6097560975609764e-05,0.44,342,,,,,,,,,,,,,,,
0.0153,5.596919127086008e-05,0.44,343,,,,,,,,,,,,,,,
0.0942,5.5840821566110404e-05,0.44,344,,,,,,,,,,,,,,,
0.005,5.5712451861360725e-05,0.44,345,,,,,,,,,,,,,,,
0.2823,5.558408215661104e-05,0.44,346,,,,,,,,,,,,,,,
0.0194,5.5455712451861365e-05,0.45,347,,,,,,,,,,,,,,,
0.0058,5.5327342747111685e-05,0.45,348,,,,,,,,,,,,,,,
0.1193,5.5198973042362e-05,0.45,349,,,,,,,,,,,,,,,
0.2792,5.5070603337612326e-05,0.45,350,,,,,,,,,,,,,,,
0.0091,5.494223363286265e-05,0.45,351,,,,,,,,,,,,,,,
0.0393,5.481386392811296e-05,0.45,352,,,,,,,,,,,,,,,
0.0065,5.4685494223363287e-05,0.45,353,,,,,,,,,,,,,,,
0.0132,5.4557124518613614e-05,0.45,354,,,,,,,,,,,,,,,
0.0507,5.4428754813863934e-05,0.46,355,,,,,,,,,,,,,,,
0.0283,5.430038510911425e-05,0.46,356,,,,,,,,,,,,,,,
0.0677,5.4172015404364574e-05,0.46,357,,,,,,,,,,,,,,,
0.0051,5.4043645699614895e-05,0.46,358,,,,,,,,,,,,,,,
0.0149,5.391527599486521e-05,0.46,359,,,,,,,,,,,,,,,
0.0249,5.3786906290115535e-05,0.46,360,,,,,,,,,,,,,,,
0.0096,5.365853658536586e-05,0.46,361,,,,,,,,,,,,,,,
0.3967,5.3530166880616175e-05,0.46,362,,,,,,,,,,,,,,,
0.0482,5.3401797175866496e-05,0.47,363,,,,,,,,,,,,,,,
0.0143,5.327342747111682e-05,0.47,364,,,,,,,,,,,,,,,
0.0164,5.3145057766367136e-05,0.47,365,,,,,,,,,,,,,,,
0.377,5.3016688061617456e-05,0.47,366,,,,,,,,,,,,,,,
0.0066,5.2888318356867783e-05,0.47,367,,,,,,,,,,,,,,,
0.0088,5.275994865211811e-05,0.47,368,,,,,,,,,,,,,,,
0.0085,5.2631578947368424e-05,0.47,369,,,,,,,,,,,,,,,
0.0064,5.2503209242618744e-05,0.47,370,,,,,,,,,,,,,,,
0.0098,5.237483953786907e-05,0.48,371,,,,,,,,,,,,,,,
0.0056,5.2246469833119385e-05,0.48,372,,,,,,,,,,,,,,,
0.0047,5.2118100128369705e-05,0.48,373,,,,,,,,,,,,,,,
0.0023,5.198973042362003e-05,0.48,374,,,,,,,,,,,,,,,
0.0096,5.1861360718870345e-05,0.48,375,,,,,,,,,,,,,,,
0.0024,5.1732991014120666e-05,0.48,376,,,,,,,,,,,,,,,
0.0051,5.160462130937099e-05,0.48,377,,,,,,,,,,,,,,,
0.004,5.147625160462132e-05,0.49,378,,,,,,,,,,,,,,,
0.0125,5.134788189987163e-05,0.49,379,,,,,,,,,,,,,,,
0.4767,5.121951219512195e-05,0.49,380,,,,,,,,,,,,,,,
0.003,5.109114249037228e-05,0.49,381,,,,,,,,,,,,,,,
0.0013,5.0962772785622594e-05,0.49,382,,,,,,,,,,,,,,,
0.0239,5.0834403080872914e-05,0.49,383,,,,,,,,,,,,,,,
0.0132,5.070603337612324e-05,0.49,384,,,,,,,,,,,,,,,
0.0404,5.0577663671373555e-05,0.49,385,,,,,,,,,,,,,,,
0.004,5.044929396662388e-05,0.5,386,,,,,,,,,,,,,,,
0.0065,5.03209242618742e-05,0.5,387,,,,,,,,,,,,,,,
0.0037,5.0192554557124515e-05,0.5,388,,,,,,,,,,,,,,,
0.0094,5.006418485237484e-05,0.5,389,,,,,,,,,,,,,,,
0.0049,4.993581514762516e-05,0.5,390,,,,,,,,,,,,,,,
0.0737,4.980744544287548e-05,0.5,391,,,,,,,,,,,,,,,
0.0017,4.96790757381258e-05,0.5,392,,,,,,,,,,,,,,,
0.0036,4.955070603337612e-05,0.5,393,,,,,,,,,,,,,,,
0.3179,4.9422336328626443e-05,0.51,394,,,,,,,,,,,,,,,
0.251,4.929396662387677e-05,0.51,395,,,,,,,,,,,,,,,
0.0049,4.916559691912709e-05,0.51,396,,,,,,,,,,,,,,,
0.0043,4.9037227214377404e-05,0.51,397,,,,,,,,,,,,,,,
0.0075,4.890885750962773e-05,0.51,398,,,,,,,,,,,,,,,
0.5222,4.878048780487805e-05,0.51,399,,,,,,,,,,,,,,,
0.0091,4.865211810012837e-05,0.51,400,,,,,,,,,,,,,,,
0.004,4.852374839537869e-05,0.51,401,,,,,,,,,,,,,,,
0.0127,4.839537869062901e-05,0.52,402,,,,,,,,,,,,,,,
0.7774,4.826700898587934e-05,0.52,403,,,,,,,,,,,,,,,
0.2889,4.813863928112965e-05,0.52,404,,,,,,,,,,,,,,,
0.2748,4.801026957637998e-05,0.52,405,,,,,,,,,,,,,,,
0.0069,4.78818998716303e-05,0.52,406,,,,,,,,,,,,,,,
0.0138,4.775353016688062e-05,0.52,407,,,,,,,,,,,,,,,
0.0024,4.762516046213094e-05,0.52,408,,,,,,,,,,,,,,,
0.0039,4.749679075738126e-05,0.53,409,,,,,,,,,,,,,,,
0.3318,4.736842105263158e-05,0.53,410,,,,,,,,,,,,,,,
0.0016,4.72400513478819e-05,0.53,411,,,,,,,,,,,,,,,
0.0061,4.711168164313222e-05,0.53,412,,,,,,,,,,,,,,,
0.0084,4.698331193838255e-05,0.53,413,,,,,,,,,,,,,,,
0.0081,4.685494223363286e-05,0.53,414,,,,,,,,,,,,,,,
0.0124,4.672657252888318e-05,0.53,415,,,,,,,,,,,,,,,
0.0053,4.659820282413351e-05,0.53,416,,,,,,,,,,,,,,,
0.1096,4.646983311938383e-05,0.54,417,,,,,,,,,,,,,,,
0.0205,4.634146341463415e-05,0.54,418,,,,,,,,,,,,,,,
0.0708,4.621309370988447e-05,0.54,419,,,,,,,,,,,,,,,
0.2012,4.608472400513479e-05,0.54,420,,,,,,,,,,,,,,,
0.0085,4.595635430038511e-05,0.54,421,,,,,,,,,,,,,,,
0.0073,4.582798459563543e-05,0.54,422,,,,,,,,,,,,,,,
0.3184,4.569961489088576e-05,0.54,423,,,,,,,,,,,,,,,
0.0324,4.557124518613608e-05,0.54,424,,,,,,,,,,,,,,,
0.4071,4.544287548138639e-05,0.55,425,,,,,,,,,,,,,,,
0.0137,4.531450577663672e-05,0.55,426,,,,,,,,,,,,,,,
0.0089,4.518613607188704e-05,0.55,427,,,,,,,,,,,,,,,
0.0097,4.505776636713735e-05,0.55,428,,,,,,,,,,,,,,,
0.0146,4.492939666238768e-05,0.55,429,,,,,,,,,,,,,,,
0.016,4.4801026957638e-05,0.55,430,,,,,,,,,,,,,,,
0.0247,4.467265725288832e-05,0.55,431,,,,,,,,,,,,,,,
0.0137,4.454428754813864e-05,0.55,432,,,,,,,,,,,,,,,
0.0045,4.441591784338896e-05,0.56,433,,,,,,,,,,,,,,,
0.0163,4.428754813863929e-05,0.56,434,,,,,,,,,,,,,,,
0.0039,4.41591784338896e-05,0.56,435,,,,,,,,,,,,,,,
0.3165,4.403080872913993e-05,0.56,436,,,,,,,,,,,,,,,
0.0085,4.390243902439025e-05,0.56,437,,,,,,,,,,,,,,,
0.0081,4.377406931964057e-05,0.56,438,,,,,,,,,,,,,,,
0.0123,4.364569961489089e-05,0.56,439,,,,,,,,,,,,,,,
0.0097,4.351732991014121e-05,0.56,440,,,,,,,,,,,,,,,
0.008,4.3388960205391535e-05,0.57,441,,,,,,,,,,,,,,,
0.0098,4.326059050064185e-05,0.57,442,,,,,,,,,,,,,,,
0.4017,4.313222079589217e-05,0.57,443,,,,,,,,,,,,,,,
0.0053,4.3003851091142496e-05,0.57,444,,,,,,,,,,,,,,,
0.0053,4.287548138639281e-05,0.57,445,,,,,,,,,,,,,,,
0.004,4.274711168164313e-05,0.57,446,,,,,,,,,,,,,,,
0.0078,4.261874197689346e-05,0.57,447,,,,,,,,,,,,,,,
0.0045,4.249037227214378e-05,0.58,448,,,,,,,,,,,,,,,
0.1046,4.23620025673941e-05,0.58,449,,,,,,,,,,,,,,,
0.009,4.223363286264442e-05,0.58,450,,,,,,,,,,,,,,,
0.0104,4.210526315789474e-05,0.58,451,,,,,,,,,,,,,,,
0.0052,4.197689345314506e-05,0.58,452,,,,,,,,,,,,,,,
0.0053,4.184852374839538e-05,0.58,453,,,,,,,,,,,,,,,
0.0084,4.1720154043645705e-05,0.58,454,,,,,,,,,,,,,,,
0.0082,4.1591784338896026e-05,0.58,455,,,,,,,,,,,,,,,
0.0067,4.146341463414634e-05,0.59,456,,,,,,,,,,,,,,,
0.0028,4.1335044929396666e-05,0.59,457,,,,,,,,,,,,,,,
0.0042,4.1206675224646986e-05,0.59,458,,,,,,,,,,,,,,,
0.1714,4.1078305519897306e-05,0.59,459,,,,,,,,,,,,,,,
0.0088,4.094993581514763e-05,0.59,460,,,,,,,,,,,,,,,
0.2039,4.082156611039795e-05,0.59,461,,,,,,,,,,,,,,,
0.0066,4.0693196405648274e-05,0.59,462,,,,,,,,,,,,,,,
0.0079,4.056482670089859e-05,0.59,463,,,,,,,,,,,,,,,
0.1478,4.043645699614891e-05,0.6,464,,,,,,,,,,,,,,,
0.1766,4.0308087291399235e-05,0.6,465,,,,,,,,,,,,,,,
0.0045,4.017971758664955e-05,0.6,466,,,,,,,,,,,,,,,
0.353,4.0051347881899875e-05,0.6,467,,,,,,,,,,,,,,,
0.0042,3.9922978177150195e-05,0.6,468,,,,,,,,,,,,,,,
0.0083,3.9794608472400516e-05,0.6,469,,,,,,,,,,,,,,,
0.0081,3.9666238767650836e-05,0.6,470,,,,,,,,,,,,,,,
0.0672,3.9537869062901156e-05,0.6,471,,,,,,,,,,,,,,,
0.0052,3.940949935815148e-05,0.61,472,,,,,,,,,,,,,,,
0.0077,3.92811296534018e-05,0.61,473,,,,,,,,,,,,,,,
0.0066,3.915275994865212e-05,0.61,474,,,,,,,,,,,,,,,
0.0086,3.9024390243902444e-05,0.61,475,,,,,,,,,,,,,,,
0.0086,3.8896020539152764e-05,0.61,476,,,,,,,,,,,,,,,
0.0058,3.8767650834403084e-05,0.61,477,,,,,,,,,,,,,,,
0.0058,3.8639281129653405e-05,0.61,478,,,,,,,,,,,,,,,
0.0401,3.8510911424903725e-05,0.61,479,,,,,,,,,,,,,,,
0.0068,3.8382541720154045e-05,0.62,480,,,,,,,,,,,,,,,
0.0143,3.8254172015404365e-05,0.62,481,,,,,,,,,,,,,,,
0.0057,3.8125802310654686e-05,0.62,482,,,,,,,,,,,,,,,
0.0085,3.7997432605905006e-05,0.62,483,,,,,,,,,,,,,,,
0.0052,3.7869062901155326e-05,0.62,484,,,,,,,,,,,,,,,
0.0059,3.774069319640565e-05,0.62,485,,,,,,,,,,,,,,,
0.0043,3.761232349165597e-05,0.62,486,,,,,,,,,,,,,,,
0.057,3.748395378690629e-05,0.63,487,,,,,,,,,,,,,,,
0.0098,3.7355584082156614e-05,0.63,488,,,,,,,,,,,,,,,
0.1444,3.7227214377406934e-05,0.63,489,,,,,,,,,,,,,,,
0.0128,3.7098844672657254e-05,0.63,490,,,,,,,,,,,,,,,
0.0066,3.6970474967907574e-05,0.63,491,,,,,,,,,,,,,,,
0.0054,3.6842105263157895e-05,0.63,492,,,,,,,,,,,,,,,
0.0034,3.671373555840822e-05,0.63,493,,,,,,,,,,,,,,,
0.0054,3.6585365853658535e-05,0.63,494,,,,,,,,,,,,,,,
0.0065,3.645699614890886e-05,0.64,495,,,,,,,,,,,,,,,
0.0079,3.632862644415918e-05,0.64,496,,,,,,,,,,,,,,,
0.0093,3.62002567394095e-05,0.64,497,,,,,,,,,,,,,,,
0.0059,3.607188703465982e-05,0.64,498,,,,,,,,,,,,,,,
0.0037,3.594351732991014e-05,0.64,499,,,,,,,,,,,,,,,
0.005,3.5815147625160463e-05,0.64,500,,,,,,,,,,,,,,,
0.0035,3.5686777920410784e-05,0.64,501,,,,,,,,,,,,,,,
0.0129,3.5558408215661104e-05,0.64,502,,,,,,,,,,,,,,,
0.0163,3.543003851091143e-05,0.65,503,,,,,,,,,,,,,,,
0.0025,3.5301668806161744e-05,0.65,504,,,,,,,,,,,,,,,
0.0086,3.5173299101412065e-05,0.65,505,,,,,,,,,,,,,,,
0.0499,3.504492939666239e-05,0.65,506,,,,,,,,,,,,,,,
0.0054,3.491655969191271e-05,0.65,507,,,,,,,,,,,,,,,
0.0023,3.478818998716303e-05,0.65,508,,,,,,,,,,,,,,,
0.0086,3.465982028241335e-05,0.65,509,,,,,,,,,,,,,,,
0.0046,3.453145057766367e-05,0.65,510,,,,,,,,,,,,,,,
0.0013,3.440308087291399e-05,0.66,511,,,,,,,,,,,,,,,
0.0064,3.427471116816431e-05,0.66,512,,,,,,,,,,,,,,,
0.0056,3.414634146341464e-05,0.66,513,,,,,,,,,,,,,,,
0.0045,3.401797175866496e-05,0.66,514,,,,,,,,,,,,,,,
0.0073,3.3889602053915274e-05,0.66,515,,,,,,,,,,,,,,,
0.0049,3.37612323491656e-05,0.66,516,,,,,,,,,,,,,,,
0.0038,3.363286264441592e-05,0.66,517,,,,,,,,,,,,,,,
0.0262,3.3504492939666235e-05,0.66,518,,,,,,,,,,,,,,,
0.0033,3.337612323491656e-05,0.67,519,,,,,,,,,,,,,,,
0.0087,3.324775353016688e-05,0.67,520,,,,,,,,,,,,,,,
0.2767,3.31193838254172e-05,0.67,521,,,,,,,,,,,,,,,
0.0474,3.299101412066752e-05,0.67,522,,,,,,,,,,,,,,,
0.0047,3.286264441591784e-05,0.67,523,,,,,,,,,,,,,,,
0.0103,3.273427471116817e-05,0.67,524,,,,,,,,,,,,,,,
0.0027,3.260590500641848e-05,0.67,525,,,,,,,,,,,,,,,
0.0067,3.247753530166881e-05,0.68,526,,,,,,,,,,,,,,,
0.5089,3.234916559691913e-05,0.68,527,,,,,,,,,,,,,,,
0.0171,3.222079589216945e-05,0.68,528,,,,,,,,,,,,,,,
0.0013,3.209242618741977e-05,0.68,529,,,,,,,,,,,,,,,
0.1236,3.196405648267009e-05,0.68,530,,,,,,,,,,,,,,,
0.0158,3.183568677792042e-05,0.68,531,,,,,,,,,,,,,,,
0.0036,3.170731707317073e-05,0.68,532,,,,,,,,,,,,,,,
0.7903,3.157894736842105e-05,0.68,533,,,,,,,,,,,,,,,
0.0031,3.145057766367138e-05,0.69,534,,,,,,,,,,,,,,,
0.0028,3.132220795892169e-05,0.69,535,,,,,,,,,,,,,,,
0.005,3.119383825417201e-05,0.69,536,,,,,,,,,,,,,,,
0.0017,3.106546854942234e-05,0.69,537,,,,,,,,,,,,,,,
0.0045,3.093709884467266e-05,0.69,538,,,,,,,,,,,,,,,
0.003,3.080872913992298e-05,0.69,539,,,,,,,,,,,,,,,
0.0044,3.06803594351733e-05,0.69,540,,,,,,,,,,,,,,,
0.3614,3.055198973042362e-05,0.69,541,,,,,,,,,,,,,,,
0.0035,3.0423620025673944e-05,0.7,542,,,,,,,,,,,,,,,
0.1451,3.029525032092426e-05,0.7,543,,,,,,,,,,,,,,,
0.0041,3.0166880616174588e-05,0.7,544,,,,,,,,,,,,,,,
0.0044,3.0038510911424905e-05,0.7,545,,,,,,,,,,,,,,,
0.0028,2.9910141206675225e-05,0.7,546,,,,,,,,,,,,,,,
0.0474,2.978177150192555e-05,0.7,547,,,,,,,,,,,,,,,
0.003,2.9653401797175865e-05,0.7,548,,,,,,,,,,,,,,,
0.1978,2.9525032092426192e-05,0.7,549,,,,,,,,,,,,,,,
0.0046,2.939666238767651e-05,0.71,550,,,,,,,,,,,,,,,
0.0019,2.926829268292683e-05,0.71,551,,,,,,,,,,,,,,,
0.0134,2.9139922978177153e-05,0.71,552,,,,,,,,,,,,,,,
0.0039,2.9011553273427473e-05,0.71,553,,,,,,,,,,,,,,,
0.0159,2.888318356867779e-05,0.71,554,,,,,,,,,,,,,,,
0.0061,2.8754813863928114e-05,0.71,555,,,,,,,,,,,,,,,
0.0038,2.8626444159178434e-05,0.71,556,,,,,,,,,,,,,,,
0.0047,2.8498074454428758e-05,0.72,557,,,,,,,,,,,,,,,
0.0044,2.8369704749679078e-05,0.72,558,,,,,,,,,,,,,,,
0.0031,2.8241335044929395e-05,0.72,559,,,,,,,,,,,,,,,
0.0057,2.811296534017972e-05,0.72,560,,,,,,,,,,,,,,,
0.0028,2.798459563543004e-05,0.72,561,,,,,,,,,,,,,,,
0.0381,2.7856225930680362e-05,0.72,562,,,,,,,,,,,,,,,
0.003,2.7727856225930683e-05,0.72,563,,,,,,,,,,,,,,,
0.005,2.7599486521181e-05,0.72,564,,,,,,,,,,,,,,,
0.0035,2.7471116816431326e-05,0.73,565,,,,,,,,,,,,,,,
0.2796,2.7342747111681643e-05,0.73,566,,,,,,,,,,,,,,,
0.0071,2.7214377406931967e-05,0.73,567,,,,,,,,,,,,,,,
0.0045,2.7086007702182287e-05,0.73,568,,,,,,,,,,,,,,,
0.002,2.6957637997432604e-05,0.73,569,,,,,,,,,,,,,,,
0.0071,2.682926829268293e-05,0.73,570,,,,,,,,,,,,,,,
0.7241,2.6700898587933248e-05,0.73,571,,,,,,,,,,,,,,,
0.003,2.6572528883183568e-05,0.73,572,,,,,,,,,,,,,,,
0.0029,2.6444159178433892e-05,0.74,573,,,,,,,,,,,,,,,
0.0028,2.6315789473684212e-05,0.74,574,,,,,,,,,,,,,,,
0.0046,2.6187419768934536e-05,0.74,575,,,,,,,,,,,,,,,
0.0039,2.6059050064184852e-05,0.74,576,,,,,,,,,,,,,,,
0.0336,2.5930680359435173e-05,0.74,577,,,,,,,,,,,,,,,
0.0053,2.5802310654685496e-05,0.74,578,,,,,,,,,,,,,,,
0.3017,2.5673940949935817e-05,0.74,579,,,,,,,,,,,,,,,
0.0049,2.554557124518614e-05,0.74,580,,,,,,,,,,,,,,,
0.0677,2.5417201540436457e-05,0.75,581,,,,,,,,,,,,,,,
0.2069,2.5288831835686777e-05,0.75,582,,,,,,,,,,,,,,,
0.0023,2.51604621309371e-05,0.75,583,,,,,,,,,,,,,,,
0.0037,2.503209242618742e-05,0.75,584,,,,,,,,,,,,,,,
0.226,2.490372272143774e-05,0.75,585,,,,,,,,,,,,,,,
0.4946,2.477535301668806e-05,0.75,586,,,,,,,,,,,,,,,
0.0051,2.4646983311938385e-05,0.75,587,,,,,,,,,,,,,,,
0.0029,2.4518613607188702e-05,0.75,588,,,,,,,,,,,,,,,
0.0307,2.4390243902439026e-05,0.76,589,,,,,,,,,,,,,,,
0.0024,2.4261874197689346e-05,0.76,590,,,,,,,,,,,,,,,
0.0032,2.413350449293967e-05,0.76,591,,,,,,,,,,,,,,,
0.0037,2.400513478818999e-05,0.76,592,,,,,,,,,,,,,,,
0.0025,2.387676508344031e-05,0.76,593,,,,,,,,,,,,,,,
0.0041,2.374839537869063e-05,0.76,594,,,,,,,,,,,,,,,
0.0027,2.362002567394095e-05,0.76,595,,,,,,,,,,,,,,,
0.0026,2.3491655969191274e-05,0.77,596,,,,,,,,,,,,,,,
0.2206,2.336328626444159e-05,0.77,597,,,,,,,,,,,,,,,
0.3606,2.3234916559691915e-05,0.77,598,,,,,,,,,,,,,,,
0.0032,2.3106546854942235e-05,0.77,599,,,,,,,,,,,,,,,
0.0042,2.2978177150192555e-05,0.77,600,,,,,,,,,,,,,,,
0.191,2.284980744544288e-05,0.77,601,,,,,,,,,,,,,,,
0.0107,2.2721437740693196e-05,0.77,602,,,,,,,,,,,,,,,
0.0026,2.259306803594352e-05,0.77,603,,,,,,,,,,,,,,,
0.0054,2.246469833119384e-05,0.78,604,,,,,,,,,,,,,,,
0.4017,2.233632862644416e-05,0.78,605,,,,,,,,,,,,,,,
0.0045,2.220795892169448e-05,0.78,606,,,,,,,,,,,,,,,
0.0126,2.20795892169448e-05,0.78,607,,,,,,,,,,,,,,,
0.0036,2.1951219512195124e-05,0.78,608,,,,,,,,,,,,,,,
0.3583,2.1822849807445444e-05,0.78,609,,,,,,,,,,,,,,,
0.0081,2.1694480102695768e-05,0.78,610,,,,,,,,,,,,,,,
0.0065,2.1566110397946085e-05,0.78,611,,,,,,,,,,,,,,,
0.0066,2.1437740693196405e-05,0.79,612,,,,,,,,,,,,,,,
0.004,2.130937098844673e-05,0.79,613,,,,,,,,,,,,,,,
0.0054,2.118100128369705e-05,0.79,614,,,,,,,,,,,,,,,
0.0038,2.105263157894737e-05,0.79,615,,,,,,,,,,,,,,,
0.0038,2.092426187419769e-05,0.79,616,,,,,,,,,,,,,,,
0.0048,2.0795892169448013e-05,0.79,617,,,,,,,,,,,,,,,
0.0049,2.0667522464698333e-05,0.79,618,,,,,,,,,,,,,,,
0.0038,2.0539152759948653e-05,0.79,619,,,,,,,,,,,,,,,
0.0041,2.0410783055198973e-05,0.8,620,,,,,,,,,,,,,,,
0.6179,2.0282413350449294e-05,0.8,621,,,,,,,,,,,,,,,
0.0036,2.0154043645699617e-05,0.8,622,,,,,,,,,,,,,,,
0.38,2.0025673940949938e-05,0.8,623,,,,,,,,,,,,,,,
0.384,1.9897304236200258e-05,0.8,624,,,,,,,,,,,,,,,
0.0067,1.9768934531450578e-05,0.8,625,,,,,,,,,,,,,,,
0.3541,1.96405648267009e-05,0.8,626,,,,,,,,,,,,,,,
0.0077,1.9512195121951222e-05,0.8,627,,,,,,,,,,,,,,,
0.0079,1.9383825417201542e-05,0.81,628,,,,,,,,,,,,,,,
0.004,1.9255455712451862e-05,0.81,629,,,,,,,,,,,,,,,
0.0466,1.9127086007702183e-05,0.81,630,,,,,,,,,,,,,,,
0.3498,1.8998716302952503e-05,0.81,631,,,,,,,,,,,,,,,
0.0098,1.8870346598202827e-05,0.81,632,,,,,,,,,,,,,,,
0.0057,1.8741976893453143e-05,0.81,633,,,,,,,,,,,,,,,
0.0045,1.8613607188703467e-05,0.81,634,,,,,,,,,,,,,,,
0.0055,1.8485237483953787e-05,0.82,635,,,,,,,,,,,,,,,
0.0726,1.835686777920411e-05,0.82,636,,,,,,,,,,,,,,,
0.3646,1.822849807445443e-05,0.82,637,,,,,,,,,,,,,,,
0.0076,1.810012836970475e-05,0.82,638,,,,,,,,,,,,,,,
0.007,1.797175866495507e-05,0.82,639,,,,,,,,,,,,,,,
0.2657,1.7843388960205392e-05,0.82,640,,,,,,,,,,,,,,,
0.0064,1.7715019255455715e-05,0.82,641,,,,,,,,,,,,,,,
0.0059,1.7586649550706032e-05,0.82,642,,,,,,,,,,,,,,,
0.0075,1.7458279845956356e-05,0.83,643,,,,,,,,,,,,,,,
0.006,1.7329910141206676e-05,0.83,644,,,,,,,,,,,,,,,
0.0137,1.7201540436456996e-05,0.83,645,,,,,,,,,,,,,,,
0.0079,1.707317073170732e-05,0.83,646,,,,,,,,,,,,,,,
0.009,1.6944801026957637e-05,0.83,647,,,,,,,,,,,,,,,
0.0064,1.681643132220796e-05,0.83,648,,,,,,,,,,,,,,,
0.0131,1.668806161745828e-05,0.83,649,,,,,,,,,,,,,,,
0.0433,1.65596919127086e-05,0.83,650,,,,,,,,,,,,,,,
0.0073,1.643132220795892e-05,0.84,651,,,,,,,,,,,,,,,
0.0115,1.630295250320924e-05,0.84,652,,,,,,,,,,,,,,,
0.0062,1.6174582798459565e-05,0.84,653,,,,,,,,,,,,,,,
0.0056,1.6046213093709885e-05,0.84,654,,,,,,,,,,,,,,,
0.0086,1.591784338896021e-05,0.84,655,,,,,,,,,,,,,,,
0.0056,1.5789473684210526e-05,0.84,656,,,,,,,,,,,,,,,
0.0082,1.5661103979460846e-05,0.84,657,,,,,,,,,,,,,,,
0.3546,1.553273427471117e-05,0.84,658,,,,,,,,,,,,,,,
0.0067,1.540436456996149e-05,0.85,659,,,,,,,,,,,,,,,
0.3618,1.527599486521181e-05,0.85,660,,,,,,,,,,,,,,,
0.0237,1.514762516046213e-05,0.85,661,,,,,,,,,,,,,,,
0.0608,1.5019255455712452e-05,0.85,662,,,,,,,,,,,,,,,
0.0065,1.4890885750962774e-05,0.85,663,,,,,,,,,,,,,,,
0.0083,1.4762516046213096e-05,0.85,664,,,,,,,,,,,,,,,
0.052,1.4634146341463415e-05,0.85,665,,,,,,,,,,,,,,,
0.0546,1.4505776636713737e-05,0.85,666,,,,,,,,,,,,,,,
0.0057,1.4377406931964057e-05,0.86,667,,,,,,,,,,,,,,,
0.0049,1.4249037227214379e-05,0.86,668,,,,,,,,,,,,,,,
0.0067,1.4120667522464697e-05,0.86,669,,,,,,,,,,,,,,,
0.0085,1.399229781771502e-05,0.86,670,,,,,,,,,,,,,,,
0.0058,1.3863928112965341e-05,0.86,671,,,,,,,,,,,,,,,
0.0084,1.3735558408215663e-05,0.86,672,,,,,,,,,,,,,,,
0.0071,1.3607188703465983e-05,0.86,673,,,,,,,,,,,,,,,
0.0067,1.3478818998716302e-05,0.87,674,,,,,,,,,,,,,,,
0.0224,1.3350449293966624e-05,0.87,675,,,,,,,,,,,,,,,
0.0099,1.3222079589216946e-05,0.87,676,,,,,,,,,,,,,,,
0.0039,1.3093709884467268e-05,0.87,677,,,,,,,,,,,,,,,
0.0069,1.2965340179717586e-05,0.87,678,,,,,,,,,,,,,,,
0.0044,1.2836970474967908e-05,0.87,679,,,,,,,,,,,,,,,
0.0044,1.2708600770218229e-05,0.87,680,,,,,,,,,,,,,,,
0.0055,1.258023106546855e-05,0.87,681,,,,,,,,,,,,,,,
0.0043,1.245186136071887e-05,0.88,682,,,,,,,,,,,,,,,
0.0047,1.2323491655969193e-05,0.88,683,,,,,,,,,,,,,,,
0.0038,1.2195121951219513e-05,0.88,684,,,,,,,,,,,,,,,
0.0088,1.2066752246469835e-05,0.88,685,,,,,,,,,,,,,,,
0.0054,1.1938382541720155e-05,0.88,686,,,,,,,,,,,,,,,
0.0053,1.1810012836970475e-05,0.88,687,,,,,,,,,,,,,,,
0.0049,1.1681643132220796e-05,0.88,688,,,,,,,,,,,,,,,
0.0038,1.1553273427471117e-05,0.88,689,,,,,,,,,,,,,,,
0.0038,1.142490372272144e-05,0.89,690,,,,,,,,,,,,,,,
0.0049,1.129653401797176e-05,0.89,691,,,,,,,,,,,,,,,
0.0033,1.116816431322208e-05,0.89,692,,,,,,,,,,,,,,,
0.0058,1.10397946084724e-05,0.89,693,,,,,,,,,,,,,,,
0.0035,1.0911424903722722e-05,0.89,694,,,,,,,,,,,,,,,
0.0046,1.0783055198973042e-05,0.89,695,,,,,,,,,,,,,,,
0.005,1.0654685494223364e-05,0.89,696,,,,,,,,,,,,,,,
0.005,1.0526315789473684e-05,0.89,697,,,,,,,,,,,,,,,
0.0084,1.0397946084724006e-05,0.9,698,,,,,,,,,,,,,,,
0.0073,1.0269576379974327e-05,0.9,699,,,,,,,,,,,,,,,
0.3089,1.0141206675224647e-05,0.9,700,,,,,,,,,,,,,,,
0.4381,1.0012836970474969e-05,0.9,701,,,,,,,,,,,,,,,
0.3209,9.884467265725289e-06,0.9,702,,,,,,,,,,,,,,,
0.0071,9.756097560975611e-06,0.9,703,,,,,,,,,,,,,,,
0.0046,9.627727856225931e-06,0.9,704,,,,,,,,,,,,,,,
0.0051,9.499358151476251e-06,0.91,705,,,,,,,,,,,,,,,
0.3275,9.370988446726572e-06,0.91,706,,,,,,,,,,,,,,,
0.0032,9.242618741976894e-06,0.91,707,,,,,,,,,,,,,,,
0.0045,9.114249037227216e-06,0.91,708,,,,,,,,,,,,,,,
0.0084,8.985879332477536e-06,0.91,709,,,,,,,,,,,,,,,
0.004,8.857509627727858e-06,0.91,710,,,,,,,,,,,,,,,
0.0042,8.729139922978178e-06,0.91,711,,,,,,,,,,,,,,,
0.0047,8.600770218228498e-06,0.91,712,,,,,,,,,,,,,,,
0.0307,8.472400513478818e-06,0.92,713,,,,,,,,,,,,,,,
0.0044,8.34403080872914e-06,0.92,714,,,,,,,,,,,,,,,
0.0057,8.21566110397946e-06,0.92,715,,,,,,,,,,,,,,,
0.0261,8.087291399229783e-06,0.92,716,,,,,,,,,,,,,,,
0.0036,7.958921694480104e-06,0.92,717,,,,,,,,,,,,,,,
0.0032,7.830551989730423e-06,0.92,718,,,,,,,,,,,,,,,
0.0459,7.702182284980745e-06,0.92,719,,,,,,,,,,,,,,,
0.0048,7.573812580231065e-06,0.92,720,,,,,,,,,,,,,,,
0.0745,7.445442875481387e-06,0.93,721,,,,,,,,,,,,,,,
0.0021,7.317073170731707e-06,0.93,722,,,,,,,,,,,,,,,
0.0072,7.1887034659820285e-06,0.93,723,,,,,,,,,,,,,,,
0.0255,7.060333761232349e-06,0.93,724,,,,,,,,,,,,,,,
0.0071,6.931964056482671e-06,0.93,725,,,,,,,,,,,,,,,
0.0039,6.803594351732992e-06,0.93,726,,,,,,,,,,,,,,,
0.0026,6.675224646983312e-06,0.93,727,,,,,,,,,,,,,,,
0.0035,6.546854942233634e-06,0.93,728,,,,,,,,,,,,,,,
0.0053,6.418485237483954e-06,0.94,729,,,,,,,,,,,,,,,
0.2158,6.290115532734275e-06,0.94,730,,,,,,,,,,,,,,,
0.0072,6.161745827984596e-06,0.94,731,,,,,,,,,,,,,,,
0.004,6.033376123234917e-06,0.94,732,,,,,,,,,,,,,,,
0.3167,5.905006418485238e-06,0.94,733,,,,,,,,,,,,,,,
0.0038,5.776636713735559e-06,0.94,734,,,,,,,,,,,,,,,
0.0042,5.64826700898588e-06,0.94,735,,,,,,,,,,,,,,,
0.0059,5.5198973042362e-06,0.94,736,,,,,,,,,,,,,,,
0.0086,5.391527599486521e-06,0.95,737,,,,,,,,,,,,,,,
0.0713,5.263157894736842e-06,0.95,738,,,,,,,,,,,,,,,
0.0156,5.134788189987163e-06,0.95,739,,,,,,,,,,,,,,,
0.0025,5.006418485237484e-06,0.95,740,,,,,,,,,,,,,,,
0.0073,4.8780487804878055e-06,0.95,741,,,,,,,,,,,,,,,
0.0235,4.749679075738126e-06,0.95,742,,,,,,,,,,,,,,,
0.0042,4.621309370988447e-06,0.95,743,,,,,,,,,,,,,,,
0.0027,4.492939666238768e-06,0.96,744,,,,,,,,,,,,,,,
0.0028,4.364569961489089e-06,0.96,745,,,,,,,,,,,,,,,
0.0054,4.236200256739409e-06,0.96,746,,,,,,,,,,,,,,,
0.0044,4.10783055198973e-06,0.96,747,,,,,,,,,,,,,,,
0.0047,3.979460847240052e-06,0.96,748,,,,,,,,,,,,,,,
0.006,3.8510911424903725e-06,0.96,749,,,,,,,,,,,,,,,
0.3347,3.7227214377406936e-06,0.96,750,,,,,,,,,,,,,,,
0.0049,3.5943517329910142e-06,0.96,751,,,,,,,,,,,,,,,
0.0035,3.4659820282413353e-06,0.97,752,,,,,,,,,,,,,,,
0.004,3.337612323491656e-06,0.97,753,,,,,,,,,,,,,,,
0.0065,3.209242618741977e-06,0.97,754,,,,,,,,,,,,,,,
0.0031,3.080872913992298e-06,0.97,755,,,,,,,,,,,,,,,
0.0732,2.952503209242619e-06,0.97,756,,,,,,,,,,,,,,,
0.0051,2.82413350449294e-06,0.97,757,,,,,,,,,,,,,,,
0.003,2.6957637997432606e-06,0.97,758,,,,,,,,,,,,,,,
0.0466,2.5673940949935817e-06,0.97,759,,,,,,,,,,,,,,,
0.0064,2.4390243902439027e-06,0.98,760,,,,,,,,,,,,,,,
0.0035,2.3106546854942234e-06,0.98,761,,,,,,,,,,,,,,,
0.0036,2.1822849807445445e-06,0.98,762,,,,,,,,,,,,,,,
0.1151,2.053915275994865e-06,0.98,763,,,,,,,,,,,,,,,
0.0038,1.9255455712451862e-06,0.98,764,,,,,,,,,,,,,,,
0.0228,1.7971758664955071e-06,0.98,765,,,,,,,,,,,,,,,
0.012,1.668806161745828e-06,0.98,766,,,,,,,,,,,,,,,
0.5814,1.540436456996149e-06,0.98,767,,,,,,,,,,,,,,,
0.0038,1.41206675224647e-06,0.99,768,,,,,,,,,,,,,,,
0.0066,1.2836970474967908e-06,0.99,769,,,,,,,,,,,,,,,
0.0047,1.1553273427471117e-06,0.99,770,,,,,,,,,,,,,,,
0.0032,1.0269576379974326e-06,0.99,771,,,,,,,,,,,,,,,
0.0059,8.985879332477536e-07,0.99,772,,,,,,,,,,,,,,,
0.0042,7.702182284980745e-07,0.99,773,,,,,,,,,,,,,,,
0.0043,6.418485237483954e-07,0.99,774,,,,,,,,,,,,,,,
0.0032,5.134788189987163e-07,0.99,775,,,,,,,,,,,,,,,
0.3442,3.8510911424903727e-07,1.0,776,,,,,,,,,,,,,,,
0.0053,2.5673940949935814e-07,1.0,777,,,,,,,,,,,,,,,
0.0042,1.2836970474967907e-07,1.0,778,,,,,,,,,,,,,,,
0.0024,0.0,1.0,779,,,,,,,,,,,,,,,
,,1.0,779,1148.2494,10.853,0.678,6445159428725856.0,0.15104150041644623,,,,,,,,,,
,,1.0,779,,,,,,0.07023723423480988,0.9860207278862376,0.9860207278862376,0.9860207278862376,0.9860207278862376,0.0,"[[3059, 14, 3, 1], [14, 654, 11, 2], [2, 8, 291, 0], [0, 3, 0, 87]]",247.6431,16.754,1.05
