loss,learning_rate,epoch,step,eval_loss,eval_accuracy_metric,eval_precision_metric,eval_recall_metric,eval_f1_metric,eval_matthews_correlation,eval_runtime,eval_samples_per_second,eval_steps_per_second,train_runtime,train_samples_per_second,train_steps_per_second,total_flos,train_loss
1.8265,9.987163029525033e-05,0.0,1,,,,,,,,,,,,,,
1.8314,9.974326059050065e-05,0.0,2,,,,,,,,,,,,,,
1.8065,9.961489088575097e-05,0.0,3,,,,,,,,,,,,,,
1.8209,9.948652118100129e-05,0.01,4,,,,,,,,,,,,,,
1.7812,9.93581514762516e-05,0.01,5,,,,,,,,,,,,,,
1.8084,9.922978177150193e-05,0.01,6,,,,,,,,,,,,,,
1.8063,9.910141206675225e-05,0.01,7,,,,,,,,,,,,,,
1.7988,9.897304236200258e-05,0.01,8,,,,,,,,,,,,,,
1.802,9.884467265725289e-05,0.01,9,,,,,,,,,,,,,,
1.7757,9.871630295250322e-05,0.01,10,,,,,,,,,,,,,,
1.7832,9.858793324775354e-05,0.01,11,,,,,,,,,,,,,,
1.7892,9.845956354300385e-05,0.02,12,,,,,,,,,,,,,,
1.7962,9.833119383825418e-05,0.02,13,,,,,,,,,,,,,,
1.7782,9.82028241335045e-05,0.02,14,,,,,,,,,,,,,,
1.7795,9.807445442875481e-05,0.02,15,,,,,,,,,,,,,,
1.788,9.794608472400514e-05,0.02,16,,,,,,,,,,,,,,
1.7596,9.781771501925546e-05,0.02,17,,,,,,,,,,,,,,
1.7729,9.768934531450578e-05,0.02,18,,,,,,,,,,,,,,
1.7634,9.75609756097561e-05,0.02,19,,,,,,,,,,,,,,
1.7555,9.743260590500642e-05,0.03,20,,,,,,,,,,,,,,
1.7604,9.730423620025674e-05,0.03,21,,,,,,,,,,,,,,
1.7525,9.717586649550706e-05,0.03,22,,,,,,,,,,,,,,
1.7427,9.704749679075738e-05,0.03,23,,,,,,,,,,,,,,
1.7543,9.69191270860077e-05,0.03,24,,,,,,,,,,,,,,
1.7314,9.679075738125802e-05,0.03,25,,,,,,,,,,,,,,
1.7402,9.666238767650834e-05,0.03,26,,,,,,,,,,,,,,
1.7328,9.653401797175868e-05,0.03,27,,,,,,,,,,,,,,
1.7242,9.640564826700899e-05,0.04,28,,,,,,,,,,,,,,
1.7128,9.62772785622593e-05,0.04,29,,,,,,,,,,,,,,
1.7209,9.614890885750964e-05,0.04,30,,,,,,,,,,,,,,
1.719,9.602053915275996e-05,0.04,31,,,,,,,,,,,,,,
1.729,9.589216944801027e-05,0.04,32,,,,,,,,,,,,,,
1.6993,9.57637997432606e-05,0.04,33,,,,,,,,,,,,,,
1.6949,9.563543003851092e-05,0.04,34,,,,,,,,,,,,,,
1.6815,9.550706033376124e-05,0.04,35,,,,,,,,,,,,,,
1.6837,9.537869062901156e-05,0.05,36,,,,,,,,,,,,,,
1.6902,9.525032092426188e-05,0.05,37,,,,,,,,,,,,,,
1.6581,9.51219512195122e-05,0.05,38,,,,,,,,,,,,,,
1.6465,9.499358151476252e-05,0.05,39,,,,,,,,,,,,,,
1.6813,9.486521181001284e-05,0.05,40,,,,,,,,,,,,,,
1.6597,9.473684210526316e-05,0.05,41,,,,,,,,,,,,,,
1.6464,9.460847240051348e-05,0.05,42,,,,,,,,,,,,,,
1.5961,9.44801026957638e-05,0.06,43,,,,,,,,,,,,,,
1.6158,9.435173299101414e-05,0.06,44,,,,,,,,,,,,,,
1.6276,9.422336328626444e-05,0.06,45,,,,,,,,,,,,,,
1.5682,9.409499358151476e-05,0.06,46,,,,,,,,,,,,,,
1.594,9.39666238767651e-05,0.06,47,,,,,,,,,,,,,,
1.6179,9.38382541720154e-05,0.06,48,,,,,,,,,,,,,,
1.5825,9.370988446726572e-05,0.06,49,,,,,,,,,,,,,,
1.5547,9.358151476251606e-05,0.06,50,,,,,,,,,,,,,,
1.5228,9.345314505776636e-05,0.07,51,,,,,,,,,,,,,,
1.5199,9.33247753530167e-05,0.07,52,,,,,,,,,,,,,,
1.4992,9.319640564826702e-05,0.07,53,,,,,,,,,,,,,,
1.4928,9.306803594351734e-05,0.07,54,,,,,,,,,,,,,,
1.4417,9.293966623876766e-05,0.07,55,,,,,,,,,,,,,,
1.3941,9.281129653401798e-05,0.07,56,,,,,,,,,,,,,,
1.427,9.26829268292683e-05,0.07,57,,,,,,,,,,,,,,
1.3246,9.255455712451862e-05,0.07,58,,,,,,,,,,,,,,
1.4054,9.242618741976894e-05,0.08,59,,,,,,,,,,,,,,
1.4149,9.229781771501926e-05,0.08,60,,,,,,,,,,,,,,
1.4721,9.216944801026958e-05,0.08,61,,,,,,,,,,,,,,
1.4153,9.20410783055199e-05,0.08,62,,,,,,,,,,,,,,
1.3878,9.191270860077022e-05,0.08,63,,,,,,,,,,,,,,
1.331,9.178433889602054e-05,0.08,64,,,,,,,,,,,,,,
1.141,9.165596919127086e-05,0.08,65,,,,,,,,,,,,,,
1.3013,9.152759948652118e-05,0.08,66,,,,,,,,,,,,,,
1.4873,9.139922978177152e-05,0.09,67,,,,,,,,,,,,,,
1.3049,9.127086007702182e-05,0.09,68,,,,,,,,,,,,,,
1.2191,9.114249037227216e-05,0.09,69,,,,,,,,,,,,,,
1.2064,9.101412066752248e-05,0.09,70,,,,,,,,,,,,,,
0.8647,9.088575096277278e-05,0.09,71,,,,,,,,,,,,,,
1.0711,9.075738125802312e-05,0.09,72,,,,,,,,,,,,,,
0.7484,9.062901155327344e-05,0.09,73,,,,,,,,,,,,,,
1.0943,9.050064184852374e-05,0.09,74,,,,,,,,,,,,,,
1.0106,9.037227214377408e-05,0.1,75,,,,,,,,,,,,,,
0.995,9.02439024390244e-05,0.1,76,,,,,,,,,,,,,,
0.8319,9.01155327342747e-05,0.1,77,,,,,,,,,,,,,,
1.0629,8.998716302952504e-05,0.1,78,,,,,,,,,,,,,,
0.7973,8.985879332477536e-05,0.1,79,,,,,,,,,,,,,,
0.6238,8.973042362002568e-05,0.1,80,,,,,,,,,,,,,,
0.4476,8.9602053915276e-05,0.1,81,,,,,,,,,,,,,,
0.6454,8.947368421052632e-05,0.11,82,,,,,,,,,,,,,,
1.0169,8.934531450577664e-05,0.11,83,,,,,,,,,,,,,,
0.753,8.921694480102696e-05,0.11,84,,,,,,,,,,,,,,
1.0467,8.908857509627728e-05,0.11,85,,,,,,,,,,,,,,
0.7597,8.896020539152761e-05,0.11,86,,,,,,,,,,,,,,
0.5647,8.883183568677792e-05,0.11,87,,,,,,,,,,,,,,
1.074,8.870346598202824e-05,0.11,88,,,,,,,,,,,,,,
0.8007,8.857509627727857e-05,0.11,89,,,,,,,,,,,,,,
0.5042,8.84467265725289e-05,0.12,90,,,,,,,,,,,,,,
0.6362,8.83183568677792e-05,0.12,91,,,,,,,,,,,,,,
0.6535,8.818998716302953e-05,0.12,92,,,,,,,,,,,,,,
0.2839,8.806161745827985e-05,0.12,93,,,,,,,,,,,,,,
0.677,8.793324775353016e-05,0.12,94,,,,,,,,,,,,,,
0.9584,8.78048780487805e-05,0.12,95,,,,,,,,,,,,,,
0.9652,8.767650834403082e-05,0.12,96,,,,,,,,,,,,,,
0.8029,8.754813863928114e-05,0.12,97,,,,,,,,,,,,,,
0.4119,8.741976893453146e-05,0.13,98,,,,,,,,,,,,,,
0.9171,8.729139922978178e-05,0.13,99,,,,,,,,,,,,,,
0.4962,8.71630295250321e-05,0.13,100,,,,,,,,,,,,,,
0.699,8.703465982028242e-05,0.13,101,,,,,,,,,,,,,,
0.7436,8.690629011553274e-05,0.13,102,,,,,,,,,,,,,,
0.5264,8.677792041078307e-05,0.13,103,,,,,,,,,,,,,,
0.4193,8.664955070603338e-05,0.13,104,,,,,,,,,,,,,,
0.5516,8.65211810012837e-05,0.13,105,,,,,,,,,,,,,,
0.2858,8.639281129653403e-05,0.14,106,,,,,,,,,,,,,,
0.4082,8.626444159178434e-05,0.14,107,,,,,,,,,,,,,,
0.4424,8.613607188703466e-05,0.14,108,,,,,,,,,,,,,,
0.4986,8.600770218228499e-05,0.14,109,,,,,,,,,,,,,,
0.6719,8.58793324775353e-05,0.14,110,,,,,,,,,,,,,,
0.5227,8.575096277278562e-05,0.14,111,,,,,,,,,,,,,,
0.4527,8.562259306803595e-05,0.14,112,,,,,,,,,,,,,,
0.2143,8.549422336328626e-05,0.15,113,,,,,,,,,,,,,,
0.7855,8.53658536585366e-05,0.15,114,,,,,,,,,,,,,,
0.3096,8.523748395378691e-05,0.15,115,,,,,,,,,,,,,,
0.4972,8.510911424903723e-05,0.15,116,,,,,,,,,,,,,,
0.5927,8.498074454428755e-05,0.15,117,,,,,,,,,,,,,,
0.4111,8.485237483953787e-05,0.15,118,,,,,,,,,,,,,,
0.4497,8.47240051347882e-05,0.15,119,,,,,,,,,,,,,,
0.3124,8.459563543003851e-05,0.15,120,,,,,,,,,,,,,,
0.501,8.446726572528884e-05,0.16,121,,,,,,,,,,,,,,
0.5136,8.433889602053916e-05,0.16,122,,,,,,,,,,,,,,
0.4662,8.421052631578948e-05,0.16,123,,,,,,,,,,,,,,
0.5429,8.40821566110398e-05,0.16,124,,,,,,,,,,,,,,
0.4128,8.395378690629012e-05,0.16,125,,,,,,,,,,,,,,
0.5429,8.382541720154045e-05,0.16,126,,,,,,,,,,,,,,
0.2069,8.369704749679076e-05,0.16,127,,,,,,,,,,,,,,
0.6585,8.356867779204108e-05,0.16,128,,,,,,,,,,,,,,
0.2583,8.344030808729141e-05,0.17,129,,,,,,,,,,,,,,
0.4549,8.331193838254172e-05,0.17,130,,,,,,,,,,,,,,
0.1529,8.318356867779205e-05,0.17,131,,,,,,,,,,,,,,
0.6694,8.305519897304237e-05,0.17,132,,,,,,,,,,,,,,
0.2938,8.292682926829268e-05,0.17,133,,,,,,,,,,,,,,
0.1351,8.279845956354301e-05,0.17,134,,,,,,,,,,,,,,
0.2654,8.267008985879333e-05,0.17,135,,,,,,,,,,,,,,
0.1338,8.254172015404364e-05,0.17,136,,,,,,,,,,,,,,
0.2446,8.241335044929397e-05,0.18,137,,,,,,,,,,,,,,
0.2728,8.228498074454429e-05,0.18,138,,,,,,,,,,,,,,
0.2744,8.215661103979461e-05,0.18,139,,,,,,,,,,,,,,
0.2473,8.202824133504493e-05,0.18,140,,,,,,,,,,,,,,
0.2511,8.189987163029525e-05,0.18,141,,,,,,,,,,,,,,
0.0903,8.177150192554557e-05,0.18,142,,,,,,,,,,,,,,
0.4584,8.16431322207959e-05,0.18,143,,,,,,,,,,,,,,
0.2805,8.151476251604621e-05,0.18,144,,,,,,,,,,,,,,
0.5662,8.138639281129655e-05,0.19,145,,,,,,,,,,,,,,
0.2094,8.125802310654685e-05,0.19,146,,,,,,,,,,,,,,
0.3955,8.112965340179717e-05,0.19,147,,,,,,,,,,,,,,
0.2077,8.100128369704751e-05,0.19,148,,,,,,,,,,,,,,
0.1143,8.087291399229782e-05,0.19,149,,,,,,,,,,,,,,
0.3123,8.074454428754814e-05,0.19,150,,,,,,,,,,,,,,
,,0.19,150,0.3123193383216858,0.9048336778928571,0.9048336778928571,0.9048336778928571,0.9048336778928571,0.20301459417155043,260.448,15.93,0.998,,,,,
0.2098,8.061617458279847e-05,0.19,151,,,,,,,,,,,,,,
0.4385,8.048780487804879e-05,0.2,152,,,,,,,,,,,,,,
0.3314,8.03594351732991e-05,0.2,153,,,,,,,,,,,,,,
0.2258,8.023106546854943e-05,0.2,154,,,,,,,,,,,,,,
0.1079,8.010269576379975e-05,0.2,155,,,,,,,,,,,,,,
0.3227,7.997432605905007e-05,0.2,156,,,,,,,,,,,,,,
0.3366,7.984595635430039e-05,0.2,157,,,,,,,,,,,,,,
0.4904,7.971758664955071e-05,0.2,158,,,,,,,,,,,,,,
0.1649,7.958921694480103e-05,0.2,159,,,,,,,,,,,,,,
0.2185,7.946084724005135e-05,0.21,160,,,,,,,,,,,,,,
0.2016,7.933247753530167e-05,0.21,161,,,,,,,,,,,,,,
0.2666,7.9204107830552e-05,0.21,162,,,,,,,,,,,,,,
0.3001,7.907573812580231e-05,0.21,163,,,,,,,,,,,,,,
0.1724,7.894736842105263e-05,0.21,164,,,,,,,,,,,,,,
0.3012,7.881899871630297e-05,0.21,165,,,,,,,,,,,,,,
0.3628,7.869062901155327e-05,0.21,166,,,,,,,,,,,,,,
0.2286,7.85622593068036e-05,0.21,167,,,,,,,,,,,,,,
0.1334,7.843388960205393e-05,0.22,168,,,,,,,,,,,,,,
0.1881,7.830551989730423e-05,0.22,169,,,,,,,,,,,,,,
0.244,7.817715019255455e-05,0.22,170,,,,,,,,,,,,,,
0.3613,7.804878048780489e-05,0.22,171,,,,,,,,,,,,,,
0.4188,7.79204107830552e-05,0.22,172,,,,,,,,,,,,,,
0.2896,7.779204107830553e-05,0.22,173,,,,,,,,,,,,,,
0.1197,7.766367137355585e-05,0.22,174,,,,,,,,,,,,,,
0.4721,7.753530166880617e-05,0.22,175,,,,,,,,,,,,,,
0.2445,7.740693196405649e-05,0.23,176,,,,,,,,,,,,,,
0.3531,7.727856225930681e-05,0.23,177,,,,,,,,,,,,,,
0.5587,7.715019255455713e-05,0.23,178,,,,,,,,,,,,,,
0.3846,7.702182284980745e-05,0.23,179,,,,,,,,,,,,,,
0.1837,7.689345314505777e-05,0.23,180,,,,,,,,,,,,,,
0.1,7.676508344030809e-05,0.23,181,,,,,,,,,,,,,,
0.2127,7.663671373555841e-05,0.23,182,,,,,,,,,,,,,,
0.3414,7.650834403080873e-05,0.23,183,,,,,,,,,,,,,,
0.1579,7.637997432605905e-05,0.24,184,,,,,,,,,,,,,,
0.2931,7.625160462130937e-05,0.24,185,,,,,,,,,,,,,,
0.3646,7.612323491655969e-05,0.24,186,,,,,,,,,,,,,,
0.3783,7.599486521181001e-05,0.24,187,,,,,,,,,,,,,,
0.3487,7.586649550706035e-05,0.24,188,,,,,,,,,,,,,,
0.2098,7.573812580231065e-05,0.24,189,,,,,,,,,,,,,,
0.2706,7.560975609756099e-05,0.24,190,,,,,,,,,,,,,,
0.2102,7.54813863928113e-05,0.25,191,,,,,,,,,,,,,,
0.2062,7.535301668806161e-05,0.25,192,,,,,,,,,,,,,,
0.1946,7.522464698331195e-05,0.25,193,,,,,,,,,,,,,,
0.3579,7.509627727856227e-05,0.25,194,,,,,,,,,,,,,,
0.2838,7.496790757381257e-05,0.25,195,,,,,,,,,,,,,,
0.1228,7.483953786906291e-05,0.25,196,,,,,,,,,,,,,,
0.2699,7.471116816431323e-05,0.25,197,,,,,,,,,,,,,,
0.2597,7.458279845956355e-05,0.25,198,,,,,,,,,,,,,,
0.2591,7.445442875481387e-05,0.26,199,,,,,,,,,,,,,,
0.371,7.432605905006419e-05,0.26,200,,,,,,,,,,,,,,
0.1628,7.419768934531451e-05,0.26,201,,,,,,,,,,,,,,
0.3594,7.406931964056483e-05,0.26,202,,,,,,,,,,,,,,
0.2785,7.394094993581515e-05,0.26,203,,,,,,,,,,,,,,
0.1174,7.381258023106547e-05,0.26,204,,,,,,,,,,,,,,
0.2698,7.368421052631579e-05,0.26,205,,,,,,,,,,,,,,
0.1482,7.355584082156611e-05,0.26,206,,,,,,,,,,,,,,
0.07,7.342747111681644e-05,0.27,207,,,,,,,,,,,,,,
0.3043,7.329910141206675e-05,0.27,208,,,,,,,,,,,,,,
0.1392,7.317073170731707e-05,0.27,209,,,,,,,,,,,,,,
0.1228,7.30423620025674e-05,0.27,210,,,,,,,,,,,,,,
0.1188,7.291399229781772e-05,0.27,211,,,,,,,,,,,,,,
0.2344,7.278562259306803e-05,0.27,212,,,,,,,,,,,,,,
0.174,7.265725288831836e-05,0.27,213,,,,,,,,,,,,,,
0.1147,7.252888318356869e-05,0.27,214,,,,,,,,,,,,,,
0.4516,7.2400513478819e-05,0.28,215,,,,,,,,,,,,,,
0.5445,7.227214377406933e-05,0.28,216,,,,,,,,,,,,,,
0.3339,7.214377406931965e-05,0.28,217,,,,,,,,,,,,,,
0.2193,7.201540436456997e-05,0.28,218,,,,,,,,,,,,,,
0.1563,7.188703465982029e-05,0.28,219,,,,,,,,,,,,,,
0.105,7.17586649550706e-05,0.28,220,,,,,,,,,,,,,,
0.1588,7.163029525032093e-05,0.28,221,,,,,,,,,,,,,,
0.3053,7.150192554557125e-05,0.28,222,,,,,,,,,,,,,,
0.1004,7.137355584082157e-05,0.29,223,,,,,,,,,,,,,,
0.2657,7.12451861360719e-05,0.29,224,,,,,,,,,,,,,,
0.3206,7.111681643132221e-05,0.29,225,,,,,,,,,,,,,,
0.2771,7.098844672657253e-05,0.29,226,,,,,,,,,,,,,,
0.3579,7.086007702182286e-05,0.29,227,,,,,,,,,,,,,,
0.0642,7.073170731707317e-05,0.29,228,,,,,,,,,,,,,,
0.1523,7.060333761232349e-05,0.29,229,,,,,,,,,,,,,,
0.0726,7.047496790757382e-05,0.3,230,,,,,,,,,,,,,,
0.2372,7.034659820282413e-05,0.3,231,,,,,,,,,,,,,,
0.1833,7.021822849807446e-05,0.3,232,,,,,,,,,,,,,,
0.1626,7.008985879332478e-05,0.3,233,,,,,,,,,,,,,,
0.0992,6.99614890885751e-05,0.3,234,,,,,,,,,,,,,,
0.1503,6.983311938382542e-05,0.3,235,,,,,,,,,,,,,,
0.3241,6.970474967907574e-05,0.3,236,,,,,,,,,,,,,,
0.2601,6.957637997432606e-05,0.3,237,,,,,,,,,,,,,,
0.1584,6.944801026957638e-05,0.31,238,,,,,,,,,,,,,,
0.4213,6.93196405648267e-05,0.31,239,,,,,,,,,,,,,,
0.4352,6.919127086007702e-05,0.31,240,,,,,,,,,,,,,,
0.3564,6.906290115532735e-05,0.31,241,,,,,,,,,,,,,,
0.1356,6.893453145057767e-05,0.31,242,,,,,,,,,,,,,,
0.4248,6.880616174582799e-05,0.31,243,,,,,,,,,,,,,,
0.1506,6.86777920410783e-05,0.31,244,,,,,,,,,,,,,,
0.1075,6.854942233632863e-05,0.31,245,,,,,,,,,,,,,,
0.2423,6.842105263157895e-05,0.32,246,,,,,,,,,,,,,,
0.1975,6.829268292682928e-05,0.32,247,,,,,,,,,,,,,,
0.1941,6.816431322207959e-05,0.32,248,,,,,,,,,,,,,,
0.1685,6.803594351732992e-05,0.32,249,,,,,,,,,,,,,,
0.0161,6.790757381258024e-05,0.32,250,,,,,,,,,,,,,,
0.3693,6.777920410783055e-05,0.32,251,,,,,,,,,,,,,,
0.1288,6.765083440308088e-05,0.32,252,,,,,,,,,,,,,,
0.1497,6.75224646983312e-05,0.32,253,,,,,,,,,,,,,,
0.1477,6.739409499358151e-05,0.33,254,,,,,,,,,,,,,,
0.0605,6.726572528883184e-05,0.33,255,,,,,,,,,,,,,,
0.1102,6.713735558408216e-05,0.33,256,,,,,,,,,,,,,,
0.2974,6.700898587933247e-05,0.33,257,,,,,,,,,,,,,,
0.1279,6.68806161745828e-05,0.33,258,,,,,,,,,,,,,,
0.0861,6.675224646983312e-05,0.33,259,,,,,,,,,,,,,,
0.4204,6.662387676508344e-05,0.33,260,,,,,,,,,,,,,,
0.1656,6.649550706033376e-05,0.34,261,,,,,,,,,,,,,,
0.1808,6.636713735558408e-05,0.34,262,,,,,,,,,,,,,,
0.0499,6.62387676508344e-05,0.34,263,,,,,,,,,,,,,,
0.1558,6.611039794608472e-05,0.34,264,,,,,,,,,,,,,,
0.1613,6.598202824133504e-05,0.34,265,,,,,,,,,,,,,,
0.1573,6.585365853658538e-05,0.34,266,,,,,,,,,,,,,,
0.1931,6.572528883183568e-05,0.34,267,,,,,,,,,,,,,,
0.1879,6.5596919127086e-05,0.34,268,,,,,,,,,,,,,,
0.3581,6.546854942233634e-05,0.35,269,,,,,,,,,,,,,,
0.4503,6.534017971758666e-05,0.35,270,,,,,,,,,,,,,,
0.0834,6.521181001283697e-05,0.35,271,,,,,,,,,,,,,,
0.2118,6.50834403080873e-05,0.35,272,,,,,,,,,,,,,,
0.1435,6.495507060333762e-05,0.35,273,,,,,,,,,,,,,,
0.0274,6.482670089858793e-05,0.35,274,,,,,,,,,,,,,,
0.295,6.469833119383826e-05,0.35,275,,,,,,,,,,,,,,
0.1458,6.456996148908858e-05,0.35,276,,,,,,,,,,,,,,
0.1215,6.44415917843389e-05,0.36,277,,,,,,,,,,,,,,
0.2183,6.431322207958922e-05,0.36,278,,,,,,,,,,,,,,
0.1249,6.418485237483954e-05,0.36,279,,,,,,,,,,,,,,
0.0221,6.405648267008986e-05,0.36,280,,,,,,,,,,,,,,
0.1805,6.392811296534018e-05,0.36,281,,,,,,,,,,,,,,
0.1159,6.37997432605905e-05,0.36,282,,,,,,,,,,,,,,
0.2328,6.367137355584084e-05,0.36,283,,,,,,,,,,,,,,
0.2126,6.354300385109114e-05,0.36,284,,,,,,,,,,,,,,
0.1097,6.341463414634146e-05,0.37,285,,,,,,,,,,,,,,
0.2219,6.32862644415918e-05,0.37,286,,,,,,,,,,,,,,
0.064,6.31578947368421e-05,0.37,287,,,,,,,,,,,,,,
0.0641,6.302952503209242e-05,0.37,288,,,,,,,,,,,,,,
0.2191,6.290115532734276e-05,0.37,289,,,,,,,,,,,,,,
0.0563,6.277278562259306e-05,0.37,290,,,,,,,,,,,,,,
0.1642,6.264441591784338e-05,0.37,291,,,,,,,,,,,,,,
0.2206,6.251604621309372e-05,0.37,292,,,,,,,,,,,,,,
0.3703,6.238767650834402e-05,0.38,293,,,,,,,,,,,,,,
0.2761,6.225930680359436e-05,0.38,294,,,,,,,,,,,,,,
0.2483,6.213093709884468e-05,0.38,295,,,,,,,,,,,,,,
0.0692,6.2002567394095e-05,0.38,296,,,,,,,,,,,,,,
0.3595,6.187419768934532e-05,0.38,297,,,,,,,,,,,,,,
0.1657,6.174582798459564e-05,0.38,298,,,,,,,,,,,,,,
0.1225,6.161745827984596e-05,0.38,299,,,,,,,,,,,,,,
0.0397,6.148908857509628e-05,0.39,300,,,,,,,,,,,,,,
,,0.39,300,0.17163267731666565,0.9276832360758911,0.9276832360758911,0.9276832360758911,0.9276832360758911,0.2364991729866749,258.285,16.064,1.007,,,,,
0.0409,6.13607188703466e-05,0.39,301,,,,,,,,,,,,,,
0.0999,6.123234916559692e-05,0.39,302,,,,,,,,,,,,,,
0.5415,6.110397946084724e-05,0.39,303,,,,,,,,,,,,,,
0.0403,6.097560975609756e-05,0.39,304,,,,,,,,,,,,,,
0.093,6.084724005134789e-05,0.39,305,,,,,,,,,,,,,,
0.1588,6.071887034659821e-05,0.39,306,,,,,,,,,,,,,,
0.2496,6.059050064184852e-05,0.39,307,,,,,,,,,,,,,,
0.3011,6.046213093709885e-05,0.4,308,,,,,,,,,,,,,,
0.2075,6.0333761232349176e-05,0.4,309,,,,,,,,,,,,,,
0.111,6.020539152759949e-05,0.4,310,,,,,,,,,,,,,,
0.0779,6.007702182284981e-05,0.4,311,,,,,,,,,,,,,,
0.0433,5.9948652118100136e-05,0.4,312,,,,,,,,,,,,,,
0.1227,5.982028241335045e-05,0.4,313,,,,,,,,,,,,,,
0.0967,5.969191270860077e-05,0.4,314,,,,,,,,,,,,,,
0.0838,5.95635430038511e-05,0.4,315,,,,,,,,,,,,,,
0.1459,5.943517329910141e-05,0.41,316,,,,,,,,,,,,,,
0.2649,5.930680359435173e-05,0.41,317,,,,,,,,,,,,,,
0.2086,5.917843388960206e-05,0.41,318,,,,,,,,,,,,,,
0.1288,5.9050064184852385e-05,0.41,319,,,,,,,,,,,,,,
0.2047,5.89216944801027e-05,0.41,320,,,,,,,,,,,,,,
0.1711,5.879332477535302e-05,0.41,321,,,,,,,,,,,,,,
0.1559,5.8664955070603346e-05,0.41,322,,,,,,,,,,,,,,
0.2604,5.853658536585366e-05,0.41,323,,,,,,,,,,,,,,
0.2243,5.840821566110398e-05,0.42,324,,,,,,,,,,,,,,
0.1501,5.8279845956354306e-05,0.42,325,,,,,,,,,,,,,,
0.1634,5.815147625160462e-05,0.42,326,,,,,,,,,,,,,,
0.1028,5.802310654685495e-05,0.42,327,,,,,,,,,,,,,,
0.1711,5.789473684210527e-05,0.42,328,,,,,,,,,,,,,,
0.0899,5.776636713735558e-05,0.42,329,,,,,,,,,,,,,,
0.2784,5.763799743260591e-05,0.42,330,,,,,,,,,,,,,,
0.0842,5.750962772785623e-05,0.42,331,,,,,,,,,,,,,,
0.128,5.7381258023106555e-05,0.43,332,,,,,,,,,,,,,,
0.1563,5.725288831835687e-05,0.43,333,,,,,,,,,,,,,,
0.0978,5.7124518613607195e-05,0.43,334,,,,,,,,,,,,,,
0.1724,5.6996148908857515e-05,0.43,335,,,,,,,,,,,,,,
0.0471,5.686777920410783e-05,0.43,336,,,,,,,,,,,,,,
0.285,5.6739409499358156e-05,0.43,337,,,,,,,,,,,,,,
0.3751,5.6611039794608476e-05,0.43,338,,,,,,,,,,,,,,
0.2872,5.648267008985879e-05,0.44,339,,,,,,,,,,,,,,
0.067,5.635430038510912e-05,0.44,340,,,,,,,,,,,,,,
0.6293,5.622593068035944e-05,0.44,341,,,,,,,,,,,,,,
0.0273,5.6097560975609764e-05,0.44,342,,,,,,,,,,,,,,
0.1915,5.596919127086008e-05,0.44,343,,,,,,,,,,,,,,
0.0795,5.5840821566110404e-05,0.44,344,,,,,,,,,,,,,,
0.1305,5.5712451861360725e-05,0.44,345,,,,,,,,,,,,,,
0.3674,5.558408215661104e-05,0.44,346,,,,,,,,,,,,,,
0.1611,5.5455712451861365e-05,0.45,347,,,,,,,,,,,,,,
0.2542,5.5327342747111685e-05,0.45,348,,,,,,,,,,,,,,
0.3378,5.5198973042362e-05,0.45,349,,,,,,,,,,,,,,
0.2647,5.5070603337612326e-05,0.45,350,,,,,,,,,,,,,,
0.1069,5.494223363286265e-05,0.45,351,,,,,,,,,,,,,,
0.1467,5.481386392811296e-05,0.45,352,,,,,,,,,,,,,,
0.2048,5.4685494223363287e-05,0.45,353,,,,,,,,,,,,,,
0.1213,5.4557124518613614e-05,0.45,354,,,,,,,,,,,,,,
0.132,5.4428754813863934e-05,0.46,355,,,,,,,,,,,,,,
0.1952,5.430038510911425e-05,0.46,356,,,,,,,,,,,,,,
0.2357,5.4172015404364574e-05,0.46,357,,,,,,,,,,,,,,
0.1102,5.4043645699614895e-05,0.46,358,,,,,,,,,,,,,,
0.0537,5.391527599486521e-05,0.46,359,,,,,,,,,,,,,,
0.1998,5.3786906290115535e-05,0.46,360,,,,,,,,,,,,,,
0.0881,5.365853658536586e-05,0.46,361,,,,,,,,,,,,,,
0.1264,5.3530166880616175e-05,0.46,362,,,,,,,,,,,,,,
0.2941,5.3401797175866496e-05,0.47,363,,,,,,,,,,,,,,
0.1568,5.327342747111682e-05,0.47,364,,,,,,,,,,,,,,
0.1691,5.3145057766367136e-05,0.47,365,,,,,,,,,,,,,,
0.3001,5.3016688061617456e-05,0.47,366,,,,,,,,,,,,,,
0.0746,5.2888318356867783e-05,0.47,367,,,,,,,,,,,,,,
0.2073,5.275994865211811e-05,0.47,368,,,,,,,,,,,,,,
0.1284,5.2631578947368424e-05,0.47,369,,,,,,,,,,,,,,
0.1209,5.2503209242618744e-05,0.47,370,,,,,,,,,,,,,,
0.0613,5.237483953786907e-05,0.48,371,,,,,,,,,,,,,,
0.2391,5.2246469833119385e-05,0.48,372,,,,,,,,,,,,,,
0.0353,5.2118100128369705e-05,0.48,373,,,,,,,,,,,,,,
0.0127,5.198973042362003e-05,0.48,374,,,,,,,,,,,,,,
0.1839,5.1861360718870345e-05,0.48,375,,,,,,,,,,,,,,
0.0142,5.1732991014120666e-05,0.48,376,,,,,,,,,,,,,,
0.0368,5.160462130937099e-05,0.48,377,,,,,,,,,,,,,,
0.0184,5.147625160462132e-05,0.49,378,,,,,,,,,,,,,,
0.193,5.134788189987163e-05,0.49,379,,,,,,,,,,,,,,
0.2072,5.121951219512195e-05,0.49,380,,,,,,,,,,,,,,
0.1802,5.109114249037228e-05,0.49,381,,,,,,,,,,,,,,
0.0926,5.0962772785622594e-05,0.49,382,,,,,,,,,,,,,,
0.0384,5.0834403080872914e-05,0.49,383,,,,,,,,,,,,,,
0.1578,5.070603337612324e-05,0.49,384,,,,,,,,,,,,,,
0.0464,5.0577663671373555e-05,0.49,385,,,,,,,,,,,,,,
0.0449,5.044929396662388e-05,0.5,386,,,,,,,,,,,,,,
0.0745,5.03209242618742e-05,0.5,387,,,,,,,,,,,,,,
0.0258,5.0192554557124515e-05,0.5,388,,,,,,,,,,,,,,
0.05,5.006418485237484e-05,0.5,389,,,,,,,,,,,,,,
0.1013,4.993581514762516e-05,0.5,390,,,,,,,,,,,,,,
0.2194,4.980744544287548e-05,0.5,391,,,,,,,,,,,,,,
0.0083,4.96790757381258e-05,0.5,392,,,,,,,,,,,,,,
0.1035,4.955070603337612e-05,0.5,393,,,,,,,,,,,,,,
0.293,4.9422336328626443e-05,0.51,394,,,,,,,,,,,,,,
0.1244,4.929396662387677e-05,0.51,395,,,,,,,,,,,,,,
0.1507,4.916559691912709e-05,0.51,396,,,,,,,,,,,,,,
0.0855,4.9037227214377404e-05,0.51,397,,,,,,,,,,,,,,
0.0791,4.890885750962773e-05,0.51,398,,,,,,,,,,,,,,
0.4958,4.878048780487805e-05,0.51,399,,,,,,,,,,,,,,
0.0724,4.865211810012837e-05,0.51,400,,,,,,,,,,,,,,
0.035,4.852374839537869e-05,0.51,401,,,,,,,,,,,,,,
0.1791,4.839537869062901e-05,0.52,402,,,,,,,,,,,,,,
0.5662,4.826700898587934e-05,0.52,403,,,,,,,,,,,,,,
0.148,4.813863928112965e-05,0.52,404,,,,,,,,,,,,,,
0.2077,4.801026957637998e-05,0.52,405,,,,,,,,,,,,,,
0.2056,4.78818998716303e-05,0.52,406,,,,,,,,,,,,,,
0.0966,4.775353016688062e-05,0.52,407,,,,,,,,,,,,,,
0.154,4.762516046213094e-05,0.52,408,,,,,,,,,,,,,,
0.0222,4.749679075738126e-05,0.53,409,,,,,,,,,,,,,,
0.1931,4.736842105263158e-05,0.53,410,,,,,,,,,,,,,,
0.0618,4.72400513478819e-05,0.53,411,,,,,,,,,,,,,,
0.1565,4.711168164313222e-05,0.53,412,,,,,,,,,,,,,,
0.1339,4.698331193838255e-05,0.53,413,,,,,,,,,,,,,,
0.0345,4.685494223363286e-05,0.53,414,,,,,,,,,,,,,,
0.1695,4.672657252888318e-05,0.53,415,,,,,,,,,,,,,,
0.0846,4.659820282413351e-05,0.53,416,,,,,,,,,,,,,,
0.2313,4.646983311938383e-05,0.54,417,,,,,,,,,,,,,,
0.1321,4.634146341463415e-05,0.54,418,,,,,,,,,,,,,,
0.2857,4.621309370988447e-05,0.54,419,,,,,,,,,,,,,,
0.2817,4.608472400513479e-05,0.54,420,,,,,,,,,,,,,,
0.1887,4.595635430038511e-05,0.54,421,,,,,,,,,,,,,,
0.0845,4.582798459563543e-05,0.54,422,,,,,,,,,,,,,,
0.1674,4.569961489088576e-05,0.54,423,,,,,,,,,,,,,,
0.24,4.557124518613608e-05,0.54,424,,,,,,,,,,,,,,
0.6603,4.544287548138639e-05,0.55,425,,,,,,,,,,,,,,
0.151,4.531450577663672e-05,0.55,426,,,,,,,,,,,,,,
0.1503,4.518613607188704e-05,0.55,427,,,,,,,,,,,,,,
0.0692,4.505776636713735e-05,0.55,428,,,,,,,,,,,,,,
0.0476,4.492939666238768e-05,0.55,429,,,,,,,,,,,,,,
0.0569,4.4801026957638e-05,0.55,430,,,,,,,,,,,,,,
0.0354,4.467265725288832e-05,0.55,431,,,,,,,,,,,,,,
0.0953,4.454428754813864e-05,0.55,432,,,,,,,,,,,,,,
0.0669,4.441591784338896e-05,0.56,433,,,,,,,,,,,,,,
0.1482,4.428754813863929e-05,0.56,434,,,,,,,,,,,,,,
0.0587,4.41591784338896e-05,0.56,435,,,,,,,,,,,,,,
0.3585,4.403080872913993e-05,0.56,436,,,,,,,,,,,,,,
0.1394,4.390243902439025e-05,0.56,437,,,,,,,,,,,,,,
0.1008,4.377406931964057e-05,0.56,438,,,,,,,,,,,,,,
0.1091,4.364569961489089e-05,0.56,439,,,,,,,,,,,,,,
0.0812,4.351732991014121e-05,0.56,440,,,,,,,,,,,,,,
0.1737,4.3388960205391535e-05,0.57,441,,,,,,,,,,,,,,
0.0713,4.326059050064185e-05,0.57,442,,,,,,,,,,,,,,
0.4306,4.313222079589217e-05,0.57,443,,,,,,,,,,,,,,
0.2117,4.3003851091142496e-05,0.57,444,,,,,,,,,,,,,,
0.0291,4.287548138639281e-05,0.57,445,,,,,,,,,,,,,,
0.022,4.274711168164313e-05,0.57,446,,,,,,,,,,,,,,
0.1853,4.261874197689346e-05,0.57,447,,,,,,,,,,,,,,
0.073,4.249037227214378e-05,0.58,448,,,,,,,,,,,,,,
0.1353,4.23620025673941e-05,0.58,449,,,,,,,,,,,,,,
0.1097,4.223363286264442e-05,0.58,450,,,,,,,,,,,,,,
,,0.58,450,0.1410016119480133,0.9426062278709614,0.9426062278709614,0.9426062278709614,0.9426062278709614,0.2593523130920618,261.0593,15.893,0.996,,,,,
0.0703,4.210526315789474e-05,0.58,451,,,,,,,,,,,,,,
0.2092,4.197689345314506e-05,0.58,452,,,,,,,,,,,,,,
0.0684,4.184852374839538e-05,0.58,453,,,,,,,,,,,,,,
0.025,4.1720154043645705e-05,0.58,454,,,,,,,,,,,,,,
0.0304,4.1591784338896026e-05,0.58,455,,,,,,,,,,,,,,
0.0916,4.146341463414634e-05,0.59,456,,,,,,,,,,,,,,
0.2497,4.1335044929396666e-05,0.59,457,,,,,,,,,,,,,,
0.0153,4.1206675224646986e-05,0.59,458,,,,,,,,,,,,,,
0.1378,4.1078305519897306e-05,0.59,459,,,,,,,,,,,,,,
0.1074,4.094993581514763e-05,0.59,460,,,,,,,,,,,,,,
0.0917,4.082156611039795e-05,0.59,461,,,,,,,,,,,,,,
0.1099,4.0693196405648274e-05,0.59,462,,,,,,,,,,,,,,
0.058,4.056482670089859e-05,0.59,463,,,,,,,,,,,,,,
0.3392,4.043645699614891e-05,0.6,464,,,,,,,,,,,,,,
0.053,4.0308087291399235e-05,0.6,465,,,,,,,,,,,,,,
0.0215,4.017971758664955e-05,0.6,466,,,,,,,,,,,,,,
0.2825,4.0051347881899875e-05,0.6,467,,,,,,,,,,,,,,
0.127,3.9922978177150195e-05,0.6,468,,,,,,,,,,,,,,
0.085,3.9794608472400516e-05,0.6,469,,,,,,,,,,,,,,
0.0462,3.9666238767650836e-05,0.6,470,,,,,,,,,,,,,,
0.1498,3.9537869062901156e-05,0.6,471,,,,,,,,,,,,,,
0.0992,3.940949935815148e-05,0.61,472,,,,,,,,,,,,,,
0.0941,3.92811296534018e-05,0.61,473,,,,,,,,,,,,,,
0.0271,3.915275994865212e-05,0.61,474,,,,,,,,,,,,,,
0.1838,3.9024390243902444e-05,0.61,475,,,,,,,,,,,,,,
0.3604,3.8896020539152764e-05,0.61,476,,,,,,,,,,,,,,
0.2122,3.8767650834403084e-05,0.61,477,,,,,,,,,,,,,,
0.1517,3.8639281129653405e-05,0.61,478,,,,,,,,,,,,,,
0.0831,3.8510911424903725e-05,0.61,479,,,,,,,,,,,,,,
0.0766,3.8382541720154045e-05,0.62,480,,,,,,,,,,,,,,
0.2,3.8254172015404365e-05,0.62,481,,,,,,,,,,,,,,
0.0441,3.8125802310654686e-05,0.62,482,,,,,,,,,,,,,,
0.1662,3.7997432605905006e-05,0.62,483,,,,,,,,,,,,,,
0.1289,3.7869062901155326e-05,0.62,484,,,,,,,,,,,,,,
0.1317,3.774069319640565e-05,0.62,485,,,,,,,,,,,,,,
0.1019,3.761232349165597e-05,0.62,486,,,,,,,,,,,,,,
0.2127,3.748395378690629e-05,0.63,487,,,,,,,,,,,,,,
0.1358,3.7355584082156614e-05,0.63,488,,,,,,,,,,,,,,
0.3897,3.7227214377406934e-05,0.63,489,,,,,,,,,,,,,,
0.1938,3.7098844672657254e-05,0.63,490,,,,,,,,,,,,,,
0.1152,3.6970474967907574e-05,0.63,491,,,,,,,,,,,,,,
0.1519,3.6842105263157895e-05,0.63,492,,,,,,,,,,,,,,
0.0113,3.671373555840822e-05,0.63,493,,,,,,,,,,,,,,
0.2317,3.6585365853658535e-05,0.63,494,,,,,,,,,,,,,,
0.1877,3.645699614890886e-05,0.64,495,,,,,,,,,,,,,,
0.1724,3.632862644415918e-05,0.64,496,,,,,,,,,,,,,,
0.2518,3.62002567394095e-05,0.64,497,,,,,,,,,,,,,,
0.1757,3.607188703465982e-05,0.64,498,,,,,,,,,,,,,,
0.0519,3.594351732991014e-05,0.64,499,,,,,,,,,,,,,,
0.1549,3.5815147625160463e-05,0.64,500,,,,,,,,,,,,,,
0.1462,3.5686777920410784e-05,0.64,501,,,,,,,,,,,,,,
0.5387,3.5558408215661104e-05,0.64,502,,,,,,,,,,,,,,
0.1551,3.543003851091143e-05,0.65,503,,,,,,,,,,,,,,
0.0133,3.5301668806161744e-05,0.65,504,,,,,,,,,,,,,,
0.1812,3.5173299101412065e-05,0.65,505,,,,,,,,,,,,,,
0.1222,3.504492939666239e-05,0.65,506,,,,,,,,,,,,,,
0.2573,3.491655969191271e-05,0.65,507,,,,,,,,,,,,,,
0.1124,3.478818998716303e-05,0.65,508,,,,,,,,,,,,,,
0.0518,3.465982028241335e-05,0.65,509,,,,,,,,,,,,,,
0.0505,3.453145057766367e-05,0.65,510,,,,,,,,,,,,,,
0.0458,3.440308087291399e-05,0.66,511,,,,,,,,,,,,,,
0.2259,3.427471116816431e-05,0.66,512,,,,,,,,,,,,,,
0.038,3.414634146341464e-05,0.66,513,,,,,,,,,,,,,,
0.0196,3.401797175866496e-05,0.66,514,,,,,,,,,,,,,,
0.1251,3.3889602053915274e-05,0.66,515,,,,,,,,,,,,,,
0.0638,3.37612323491656e-05,0.66,516,,,,,,,,,,,,,,
0.1691,3.363286264441592e-05,0.66,517,,,,,,,,,,,,,,
0.1558,3.3504492939666235e-05,0.66,518,,,,,,,,,,,,,,
0.0874,3.337612323491656e-05,0.67,519,,,,,,,,,,,,,,
0.0808,3.324775353016688e-05,0.67,520,,,,,,,,,,,,,,
0.1305,3.31193838254172e-05,0.67,521,,,,,,,,,,,,,,
0.1101,3.299101412066752e-05,0.67,522,,,,,,,,,,,,,,
0.0481,3.286264441591784e-05,0.67,523,,,,,,,,,,,,,,
0.1386,3.273427471116817e-05,0.67,524,,,,,,,,,,,,,,
0.0215,3.260590500641848e-05,0.67,525,,,,,,,,,,,,,,
0.1176,3.247753530166881e-05,0.68,526,,,,,,,,,,,,,,
0.6512,3.234916559691913e-05,0.68,527,,,,,,,,,,,,,,
0.0991,3.222079589216945e-05,0.68,528,,,,,,,,,,,,,,
0.0118,3.209242618741977e-05,0.68,529,,,,,,,,,,,,,,
0.2952,3.196405648267009e-05,0.68,530,,,,,,,,,,,,,,
0.1598,3.183568677792042e-05,0.68,531,,,,,,,,,,,,,,
0.1412,3.170731707317073e-05,0.68,532,,,,,,,,,,,,,,
0.4124,3.157894736842105e-05,0.68,533,,,,,,,,,,,,,,
0.078,3.145057766367138e-05,0.69,534,,,,,,,,,,,,,,
0.3398,3.132220795892169e-05,0.69,535,,,,,,,,,,,,,,
0.501,3.119383825417201e-05,0.69,536,,,,,,,,,,,,,,
0.0095,3.106546854942234e-05,0.69,537,,,,,,,,,,,,,,
0.0317,3.093709884467266e-05,0.69,538,,,,,,,,,,,,,,
0.1162,3.080872913992298e-05,0.69,539,,,,,,,,,,,,,,
0.0388,3.06803594351733e-05,0.69,540,,,,,,,,,,,,,,
0.2792,3.055198973042362e-05,0.69,541,,,,,,,,,,,,,,
0.0681,3.0423620025673944e-05,0.7,542,,,,,,,,,,,,,,
0.1349,3.029525032092426e-05,0.7,543,,,,,,,,,,,,,,
0.0966,3.0166880616174588e-05,0.7,544,,,,,,,,,,,,,,
0.108,3.0038510911424905e-05,0.7,545,,,,,,,,,,,,,,
0.1164,2.9910141206675225e-05,0.7,546,,,,,,,,,,,,,,
0.0789,2.978177150192555e-05,0.7,547,,,,,,,,,,,,,,
0.059,2.9653401797175865e-05,0.7,548,,,,,,,,,,,,,,
0.0876,2.9525032092426192e-05,0.7,549,,,,,,,,,,,,,,
0.0602,2.939666238767651e-05,0.71,550,,,,,,,,,,,,,,
0.1073,2.926829268292683e-05,0.71,551,,,,,,,,,,,,,,
0.2003,2.9139922978177153e-05,0.71,552,,,,,,,,,,,,,,
0.0942,2.9011553273427473e-05,0.71,553,,,,,,,,,,,,,,
0.1257,2.888318356867779e-05,0.71,554,,,,,,,,,,,,,,
0.1034,2.8754813863928114e-05,0.71,555,,,,,,,,,,,,,,
0.0347,2.8626444159178434e-05,0.71,556,,,,,,,,,,,,,,
0.1046,2.8498074454428758e-05,0.72,557,,,,,,,,,,,,,,
0.0292,2.8369704749679078e-05,0.72,558,,,,,,,,,,,,,,
0.0225,2.8241335044929395e-05,0.72,559,,,,,,,,,,,,,,
0.2311,2.811296534017972e-05,0.72,560,,,,,,,,,,,,,,
0.0855,2.798459563543004e-05,0.72,561,,,,,,,,,,,,,,
0.2705,2.7856225930680362e-05,0.72,562,,,,,,,,,,,,,,
0.1598,2.7727856225930683e-05,0.72,563,,,,,,,,,,,,,,
0.1142,2.7599486521181e-05,0.72,564,,,,,,,,,,,,,,
0.1572,2.7471116816431326e-05,0.73,565,,,,,,,,,,,,,,
0.2121,2.7342747111681643e-05,0.73,566,,,,,,,,,,,,,,
0.0209,2.7214377406931967e-05,0.73,567,,,,,,,,,,,,,,
0.015,2.7086007702182287e-05,0.73,568,,,,,,,,,,,,,,
0.0903,2.6957637997432604e-05,0.73,569,,,,,,,,,,,,,,
0.2285,2.682926829268293e-05,0.73,570,,,,,,,,,,,,,,
0.3293,2.6700898587933248e-05,0.73,571,,,,,,,,,,,,,,
0.041,2.6572528883183568e-05,0.73,572,,,,,,,,,,,,,,
0.0279,2.6444159178433892e-05,0.74,573,,,,,,,,,,,,,,
0.0963,2.6315789473684212e-05,0.74,574,,,,,,,,,,,,,,
0.2345,2.6187419768934536e-05,0.74,575,,,,,,,,,,,,,,
0.1983,2.6059050064184852e-05,0.74,576,,,,,,,,,,,,,,
0.0779,2.5930680359435173e-05,0.74,577,,,,,,,,,,,,,,
0.0566,2.5802310654685496e-05,0.74,578,,,,,,,,,,,,,,
0.3334,2.5673940949935817e-05,0.74,579,,,,,,,,,,,,,,
0.0397,2.554557124518614e-05,0.74,580,,,,,,,,,,,,,,
0.3758,2.5417201540436457e-05,0.75,581,,,,,,,,,,,,,,
0.139,2.5288831835686777e-05,0.75,582,,,,,,,,,,,,,,
0.0144,2.51604621309371e-05,0.75,583,,,,,,,,,,,,,,
0.1805,2.503209242618742e-05,0.75,584,,,,,,,,,,,,,,
0.1692,2.490372272143774e-05,0.75,585,,,,,,,,,,,,,,
0.4183,2.477535301668806e-05,0.75,586,,,,,,,,,,,,,,
0.0533,2.4646983311938385e-05,0.75,587,,,,,,,,,,,,,,
0.0864,2.4518613607188702e-05,0.75,588,,,,,,,,,,,,,,
0.1105,2.4390243902439026e-05,0.76,589,,,,,,,,,,,,,,
0.0825,2.4261874197689346e-05,0.76,590,,,,,,,,,,,,,,
0.0155,2.413350449293967e-05,0.76,591,,,,,,,,,,,,,,
0.2174,2.400513478818999e-05,0.76,592,,,,,,,,,,,,,,
0.01,2.387676508344031e-05,0.76,593,,,,,,,,,,,,,,
0.0713,2.374839537869063e-05,0.76,594,,,,,,,,,,,,,,
0.0431,2.362002567394095e-05,0.76,595,,,,,,,,,,,,,,
0.0135,2.3491655969191274e-05,0.77,596,,,,,,,,,,,,,,
0.0516,2.336328626444159e-05,0.77,597,,,,,,,,,,,,,,
0.3298,2.3234916559691915e-05,0.77,598,,,,,,,,,,,,,,
0.0404,2.3106546854942235e-05,0.77,599,,,,,,,,,,,,,,
0.0429,2.2978177150192555e-05,0.77,600,,,,,,,,,,,,,,
,,0.77,600,0.12653213739395142,0.9504682954317856,0.9504682954317856,0.9504682954317856,0.9504682954317856,0.2662935903308202,261.3634,15.874,0.995,,,,,
0.2199,2.284980744544288e-05,0.77,601,,,,,,,,,,,,,,
0.224,2.2721437740693196e-05,0.77,602,,,,,,,,,,,,,,
0.012,2.259306803594352e-05,0.77,603,,,,,,,,,,,,,,
0.0962,2.246469833119384e-05,0.78,604,,,,,,,,,,,,,,
0.3467,2.233632862644416e-05,0.78,605,,,,,,,,,,,,,,
0.0436,2.220795892169448e-05,0.78,606,,,,,,,,,,,,,,
0.1171,2.20795892169448e-05,0.78,607,,,,,,,,,,,,,,
0.0194,2.1951219512195124e-05,0.78,608,,,,,,,,,,,,,,
0.5035,2.1822849807445444e-05,0.78,609,,,,,,,,,,,,,,
0.1312,2.1694480102695768e-05,0.78,610,,,,,,,,,,,,,,
0.0651,2.1566110397946085e-05,0.78,611,,,,,,,,,,,,,,
0.1622,2.1437740693196405e-05,0.79,612,,,,,,,,,,,,,,
0.1661,2.130937098844673e-05,0.79,613,,,,,,,,,,,,,,
0.0928,2.118100128369705e-05,0.79,614,,,,,,,,,,,,,,
0.0166,2.105263157894737e-05,0.79,615,,,,,,,,,,,,,,
0.2593,2.092426187419769e-05,0.79,616,,,,,,,,,,,,,,
0.1517,2.0795892169448013e-05,0.79,617,,,,,,,,,,,,,,
0.1385,2.0667522464698333e-05,0.79,618,,,,,,,,,,,,,,
0.0213,2.0539152759948653e-05,0.79,619,,,,,,,,,,,,,,
0.0187,2.0410783055198973e-05,0.8,620,,,,,,,,,,,,,,
0.5141,2.0282413350449294e-05,0.8,621,,,,,,,,,,,,,,
0.0792,2.0154043645699617e-05,0.8,622,,,,,,,,,,,,,,
0.1142,2.0025673940949938e-05,0.8,623,,,,,,,,,,,,,,
0.1905,1.9897304236200258e-05,0.8,624,,,,,,,,,,,,,,
0.1014,1.9768934531450578e-05,0.8,625,,,,,,,,,,,,,,
0.0948,1.96405648267009e-05,0.8,626,,,,,,,,,,,,,,
0.0962,1.9512195121951222e-05,0.8,627,,,,,,,,,,,,,,
0.1188,1.9383825417201542e-05,0.81,628,,,,,,,,,,,,,,
0.0517,1.9255455712451862e-05,0.81,629,,,,,,,,,,,,,,
0.1949,1.9127086007702183e-05,0.81,630,,,,,,,,,,,,,,
0.4177,1.8998716302952503e-05,0.81,631,,,,,,,,,,,,,,
0.0152,1.8870346598202827e-05,0.81,632,,,,,,,,,,,,,,
0.12,1.8741976893453143e-05,0.81,633,,,,,,,,,,,,,,
0.0319,1.8613607188703467e-05,0.81,634,,,,,,,,,,,,,,
0.1161,1.8485237483953787e-05,0.82,635,,,,,,,,,,,,,,
0.0761,1.835686777920411e-05,0.82,636,,,,,,,,,,,,,,
0.134,1.822849807445443e-05,0.82,637,,,,,,,,,,,,,,
0.3677,1.810012836970475e-05,0.82,638,,,,,,,,,,,,,,
0.1374,1.797175866495507e-05,0.82,639,,,,,,,,,,,,,,
0.3099,1.7843388960205392e-05,0.82,640,,,,,,,,,,,,,,
0.0499,1.7715019255455715e-05,0.82,641,,,,,,,,,,,,,,
0.1098,1.7586649550706032e-05,0.82,642,,,,,,,,,,,,,,
0.0763,1.7458279845956356e-05,0.83,643,,,,,,,,,,,,,,
0.0673,1.7329910141206676e-05,0.83,644,,,,,,,,,,,,,,
0.2721,1.7201540436456996e-05,0.83,645,,,,,,,,,,,,,,
0.1436,1.707317073170732e-05,0.83,646,,,,,,,,,,,,,,
0.0325,1.6944801026957637e-05,0.83,647,,,,,,,,,,,,,,
0.0792,1.681643132220796e-05,0.83,648,,,,,,,,,,,,,,
0.1587,1.668806161745828e-05,0.83,649,,,,,,,,,,,,,,
0.4214,1.65596919127086e-05,0.83,650,,,,,,,,,,,,,,
0.0699,1.643132220795892e-05,0.84,651,,,,,,,,,,,,,,
0.1844,1.630295250320924e-05,0.84,652,,,,,,,,,,,,,,
0.1224,1.6174582798459565e-05,0.84,653,,,,,,,,,,,,,,
0.0191,1.6046213093709885e-05,0.84,654,,,,,,,,,,,,,,
0.2407,1.591784338896021e-05,0.84,655,,,,,,,,,,,,,,
0.1471,1.5789473684210526e-05,0.84,656,,,,,,,,,,,,,,
0.1028,1.5661103979460846e-05,0.84,657,,,,,,,,,,,,,,
0.0961,1.553273427471117e-05,0.84,658,,,,,,,,,,,,,,
0.0107,1.540436456996149e-05,0.85,659,,,,,,,,,,,,,,
0.3917,1.527599486521181e-05,0.85,660,,,,,,,,,,,,,,
0.3388,1.514762516046213e-05,0.85,661,,,,,,,,,,,,,,
0.1062,1.5019255455712452e-05,0.85,662,,,,,,,,,,,,,,
0.1798,1.4890885750962774e-05,0.85,663,,,,,,,,,,,,,,
0.0583,1.4762516046213096e-05,0.85,664,,,,,,,,,,,,,,
0.1965,1.4634146341463415e-05,0.85,665,,,,,,,,,,,,,,
0.4097,1.4505776636713737e-05,0.85,666,,,,,,,,,,,,,,
0.2655,1.4377406931964057e-05,0.86,667,,,,,,,,,,,,,,
0.1477,1.4249037227214379e-05,0.86,668,,,,,,,,,,,,,,
0.1387,1.4120667522464697e-05,0.86,669,,,,,,,,,,,,,,
0.165,1.399229781771502e-05,0.86,670,,,,,,,,,,,,,,
0.183,1.3863928112965341e-05,0.86,671,,,,,,,,,,,,,,
0.1451,1.3735558408215663e-05,0.86,672,,,,,,,,,,,,,,
0.044,1.3607188703465983e-05,0.86,673,,,,,,,,,,,,,,
0.1657,1.3478818998716302e-05,0.87,674,,,,,,,,,,,,,,
0.0398,1.3350449293966624e-05,0.87,675,,,,,,,,,,,,,,
0.1086,1.3222079589216946e-05,0.87,676,,,,,,,,,,,,,,
0.0194,1.3093709884467268e-05,0.87,677,,,,,,,,,,,,,,
0.1757,1.2965340179717586e-05,0.87,678,,,,,,,,,,,,,,
0.0576,1.2836970474967908e-05,0.87,679,,,,,,,,,,,,,,
0.0917,1.2708600770218229e-05,0.87,680,,,,,,,,,,,,,,
0.1677,1.258023106546855e-05,0.87,681,,,,,,,,,,,,,,
0.0803,1.245186136071887e-05,0.88,682,,,,,,,,,,,,,,
0.0167,1.2323491655969193e-05,0.88,683,,,,,,,,,,,,,,
0.018,1.2195121951219513e-05,0.88,684,,,,,,,,,,,,,,
0.1108,1.2066752246469835e-05,0.88,685,,,,,,,,,,,,,,
0.0737,1.1938382541720155e-05,0.88,686,,,,,,,,,,,,,,
0.0215,1.1810012836970475e-05,0.88,687,,,,,,,,,,,,,,
0.0789,1.1681643132220796e-05,0.88,688,,,,,,,,,,,,,,
0.0093,1.1553273427471117e-05,0.88,689,,,,,,,,,,,,,,
0.0692,1.142490372272144e-05,0.89,690,,,,,,,,,,,,,,
0.047,1.129653401797176e-05,0.89,691,,,,,,,,,,,,,,
0.0146,1.116816431322208e-05,0.89,692,,,,,,,,,,,,,,
0.1164,1.10397946084724e-05,0.89,693,,,,,,,,,,,,,,
0.0229,1.0911424903722722e-05,0.89,694,,,,,,,,,,,,,,
0.0548,1.0783055198973042e-05,0.89,695,,,,,,,,,,,,,,
0.0265,1.0654685494223364e-05,0.89,696,,,,,,,,,,,,,,
0.1182,1.0526315789473684e-05,0.89,697,,,,,,,,,,,,,,
0.1412,1.0397946084724006e-05,0.9,698,,,,,,,,,,,,,,
0.1388,1.0269576379974327e-05,0.9,699,,,,,,,,,,,,,,
0.3822,1.0141206675224647e-05,0.9,700,,,,,,,,,,,,,,
0.4171,1.0012836970474969e-05,0.9,701,,,,,,,,,,,,,,
0.2203,9.884467265725289e-06,0.9,702,,,,,,,,,,,,,,
0.0197,9.756097560975611e-06,0.9,703,,,,,,,,,,,,,,
0.0211,9.627727856225931e-06,0.9,704,,,,,,,,,,,,,,
0.2154,9.499358151476251e-06,0.91,705,,,,,,,,,,,,,,
0.1867,9.370988446726572e-06,0.91,706,,,,,,,,,,,,,,
0.1076,9.242618741976894e-06,0.91,707,,,,,,,,,,,,,,
0.0283,9.114249037227216e-06,0.91,708,,,,,,,,,,,,,,
0.2341,8.985879332477536e-06,0.91,709,,,,,,,,,,,,,,
0.0688,8.857509627727858e-06,0.91,710,,,,,,,,,,,,,,
0.1701,8.729139922978178e-06,0.91,711,,,,,,,,,,,,,,
0.1158,8.600770218228498e-06,0.91,712,,,,,,,,,,,,,,
0.2613,8.472400513478818e-06,0.92,713,,,,,,,,,,,,,,
0.0656,8.34403080872914e-06,0.92,714,,,,,,,,,,,,,,
0.0213,8.21566110397946e-06,0.92,715,,,,,,,,,,,,,,
0.1963,8.087291399229783e-06,0.92,716,,,,,,,,,,,,,,
0.0094,7.958921694480104e-06,0.92,717,,,,,,,,,,,,,,
0.0699,7.830551989730423e-06,0.92,718,,,,,,,,,,,,,,
0.2726,7.702182284980745e-06,0.92,719,,,,,,,,,,,,,,
0.0335,7.573812580231065e-06,0.92,720,,,,,,,,,,,,,,
0.098,7.445442875481387e-06,0.93,721,,,,,,,,,,,,,,
0.0713,7.317073170731707e-06,0.93,722,,,,,,,,,,,,,,
0.0542,7.1887034659820285e-06,0.93,723,,,,,,,,,,,,,,
0.0232,7.060333761232349e-06,0.93,724,,,,,,,,,,,,,,
0.1549,6.931964056482671e-06,0.93,725,,,,,,,,,,,,,,
0.104,6.803594351732992e-06,0.93,726,,,,,,,,,,,,,,
0.058,6.675224646983312e-06,0.93,727,,,,,,,,,,,,,,
0.0228,6.546854942233634e-06,0.93,728,,,,,,,,,,,,,,
0.1328,6.418485237483954e-06,0.94,729,,,,,,,,,,,,,,
0.1724,6.290115532734275e-06,0.94,730,,,,,,,,,,,,,,
0.2621,6.161745827984596e-06,0.94,731,,,,,,,,,,,,,,
0.1952,6.033376123234917e-06,0.94,732,,,,,,,,,,,,,,
0.0595,5.905006418485238e-06,0.94,733,,,,,,,,,,,,,,
0.1019,5.776636713735559e-06,0.94,734,,,,,,,,,,,,,,
0.1557,5.64826700898588e-06,0.94,735,,,,,,,,,,,,,,
0.1383,5.5198973042362e-06,0.94,736,,,,,,,,,,,,,,
0.1265,5.391527599486521e-06,0.95,737,,,,,,,,,,,,,,
0.041,5.263157894736842e-06,0.95,738,,,,,,,,,,,,,,
0.0903,5.134788189987163e-06,0.95,739,,,,,,,,,,,,,,
0.012,5.006418485237484e-06,0.95,740,,,,,,,,,,,,,,
0.0356,4.8780487804878055e-06,0.95,741,,,,,,,,,,,,,,
0.1489,4.749679075738126e-06,0.95,742,,,,,,,,,,,,,,
0.1384,4.621309370988447e-06,0.95,743,,,,,,,,,,,,,,
0.1029,4.492939666238768e-06,0.96,744,,,,,,,,,,,,,,
0.0998,4.364569961489089e-06,0.96,745,,,,,,,,,,,,,,
0.1335,4.236200256739409e-06,0.96,746,,,,,,,,,,,,,,
0.076,4.10783055198973e-06,0.96,747,,,,,,,,,,,,,,
0.0934,3.979460847240052e-06,0.96,748,,,,,,,,,,,,,,
0.1497,3.8510911424903725e-06,0.96,749,,,,,,,,,,,,,,
0.1267,3.7227214377406936e-06,0.96,750,,,,,,,,,,,,,,
,,0.96,750,0.12101231515407562,0.9522165531147839,0.9522165531147839,0.9522165531147839,0.9522165531147839,0.268881167724816,260.5797,15.922,0.998,,,,,
0.2038,3.5943517329910142e-06,0.96,751,,,,,,,,,,,,,,
0.0583,3.4659820282413353e-06,0.97,752,,,,,,,,,,,,,,
0.2445,3.337612323491656e-06,0.97,753,,,,,,,,,,,,,,
0.0422,3.209242618741977e-06,0.97,754,,,,,,,,,,,,,,
0.021,3.080872913992298e-06,0.97,755,,,,,,,,,,,,,,
0.2661,2.952503209242619e-06,0.97,756,,,,,,,,,,,,,,
0.032,2.82413350449294e-06,0.97,757,,,,,,,,,,,,,,
0.0202,2.6957637997432606e-06,0.97,758,,,,,,,,,,,,,,
0.0815,2.5673940949935817e-06,0.97,759,,,,,,,,,,,,,,
0.0708,2.4390243902439027e-06,0.98,760,,,,,,,,,,,,,,
0.2098,2.3106546854942234e-06,0.98,761,,,,,,,,,,,,,,
0.1309,2.1822849807445445e-06,0.98,762,,,,,,,,,,,,,,
0.0669,2.053915275994865e-06,0.98,763,,,,,,,,,,,,,,
0.0797,1.9255455712451862e-06,0.98,764,,,,,,,,,,,,,,
0.2218,1.7971758664955071e-06,0.98,765,,,,,,,,,,,,,,
0.1079,1.668806161745828e-06,0.98,766,,,,,,,,,,,,,,
0.4455,1.540436456996149e-06,0.98,767,,,,,,,,,,,,,,
0.1262,1.41206675224647e-06,0.99,768,,,,,,,,,,,,,,
0.0287,1.2836970474967908e-06,0.99,769,,,,,,,,,,,,,,
0.1016,1.1553273427471117e-06,0.99,770,,,,,,,,,,,,,,
0.1914,1.0269576379974326e-06,0.99,771,,,,,,,,,,,,,,
0.0325,8.985879332477536e-07,0.99,772,,,,,,,,,,,,,,
0.0219,7.702182284980745e-07,0.99,773,,,,,,,,,,,,,,
0.2023,6.418485237483954e-07,0.99,774,,,,,,,,,,,,,,
0.0264,5.134788189987163e-07,0.99,775,,,,,,,,,,,,,,
0.3085,3.8510911424903727e-07,1.0,776,,,,,,,,,,,,,,
0.0733,2.5673940949935814e-07,1.0,777,,,,,,,,,,,,,,
0.0172,1.2836970474967907e-07,1.0,778,,,,,,,,,,,,,,
0.0085,0.0,1.0,779,,,,,,,,,,,,,,
,,1.0,779,,,,,,,,,,2479.3407,5.026,0.314,6433971638317056.0,0.3309959212332409
